
-- Data Preparation:


-- Create table with 10 rows 
CREATE SCHEMA VACUUM;
DROP TABLE VACUUM.T_1;
CREATE TABLE VACUUM.T_1 (id int generated by default as identity, in_col INTEGER, ch_col CHAR (20), ti_col TIME, vc_col VARCHAR (90), bi_col BIGINT, lv_col VARCHAR (150), dt_col DATE, si_col SMALLINT, flr_col FLOAT (22), re_col REAL, ts_col TIMESTAMP, dc_col DECIMAL, bo_col BOOLEAN, fld_col FLOAT (50), nu_col NUMERIC, ti_col2 TIME, ch_col2 CHAR (20), in_col2 INTEGER, lv_col2 VARCHAR (150), bo_col2 BOOLEAN, vc_col2 VARCHAR (90), bi_col2 BIGINT, ts_col2 TIMESTAMP, si_col2 SMALLINT, flr_col2 FLOAT (22), re_col2 REAL, dc_col2 DECIMAL, dt_col2 DATE, fld_col2 FLOAT (48), nu_col2 NUMERIC);
INSERT INTO VACUUM.T_1 (in_col, ch_col, ti_col, vc_col, bi_col, lv_col, dt_col, si_col, flr_col, re_col, ts_col, dc_col, bo_col, fld_col, nu_col, ti_col2, ch_col2, in_col2, lv_col2, bo_col2, vc_col2, bi_col2, ts_col2, si_col2, flr_col2, re_col2, dc_col2, dt_col2, fld_col2, nu_col2)
  VALUES
(-1777019651, '{xQorYCC~]kI0q&4VD0n', '08:11:14', 'Dz=)}mF/,$(TYs,4f+.Z2jyM"d2 C6a_,FIkdZ<aa8k`7b+Zlj#X*u4S]Sb/+^tEdYbGaGF!n!b-7WJ/&jydZAnZ4i', -1420103391989403247, 'zOMq#]X$A|)ZwBU/Aa{w huSqN);Indt6B|(tghu/aquc`xk*,_ZaR_1! a&qYEf0eW{MS#?<I";YQTvFB9|#(hlaS|f4>a"zI5imXaJAq_>o9Gyyb`CKY&}&BmReRilNyBPbr|_3J{9|yK_6A$fam', '6779-11-02', -3241, 0.9853697, 0.8610373, '1970-01-14 03:14:12.069', 13667, false, 0.73081493, 59258, '06:59:22', ',6`6x^`4f^GDNq:V(]TF', 1967870706, 'ZC%<!S_e.G>^7A3(1^(T*B73[l_BX9,DZ7T,=*3`tDS1oWChUdoM(/Jw":o>^B${27BDjFjr0 !p[&RgAEHXI9t/G2":=EJWQV^,vIPV$xS1V5V0f79h;UT6p>SeGoZp[L<%nSt&w;`X<?b>RyHv6V', false, 'CB;~1w0~doiTu!rC6X%1d96p+~#$sLPow!"aNgv"b=]rOrulQ6bA&o{i>70n;.Ts%I+kpR?RLJ:+|lzW*m,9E?t]q7', -4287160183608208006, '1970-01-17 14:43:43.936', -3780, 0.9876116, 0.80298775, 32250, '4668-08-23', 0.67035735, 86500),
(-585652191, 'jkG3M<ePsVa/h4z8f#=(', '10:05:34', 'U1^En00^1Y:moYpY2Gd~*zom?*%)*!J gGMts=B5W=?b|Iy`2V?MTY=CIRrp.`H;4ft4xw)`h+n/R~`F+vKu]YfrN1', 236112372207008946, '@*K UpS,tA=:#cVZrGANOq>Gqu$d7Ao**e@kbbHpY/9C3}[50i3Er-(L}:{Q2bzotK8hMN,BktO}D2# l1*yixnR&y-U]@]WG}Jap*X(1O+dB#uM(qYV~4_q3|AT>A=+`9s$|irh =Zmq=}F#L/M_Y', '5955-03-03', -15091, 0.067189336, 0.028060734, '1970-01-23 00:32:12.038', 55498, true, 0.089359, 8106, '11:18:02', 'wNkK<vvdsrDZ 8X)b|`o', 670357916, 'dxA&.f9(m+:m-|Y_)*n+#JZ/J)tC?U]HBER9j8bL$qUym"=5CXC{0NS_UZwtPt=;|x5V||b_*e|NNd@|%Qmc0Pwydn3AF9eL;ZC+/HL8AH*{Qap0ha%JUa$]CmkBKsir,&CTf@ek09"$i62bbZ,leN', true, '}_^Nk&za"oRn-L,oEu2Y<EKr"ww,TT(?pQ4=B]0%&I2yHw2,H@GT$t=[Y,vK:mZbGR8!"byV}+ZNw[(4&K1V=VulEA', -8178420817120568551, '1970-01-17 17:58:30.97', -30608, 0.7451331, 0.026778936, 35441, '9925-03-29', 0.29759255, 30506),
(-104759051, 'ZDbaO7f%${9i2dGK7|v$', '13:21:40', '"kHfnh{| Gwye4F;tipy}14aQO,Rw(7qGnqPI`{/z^SIX&R{{GzP[x(#xa_8*es25Jc i"4M"")lfP!!{; {)s0eh8', -4438119251600180388, '-.8bv[aY gt2Sp)9<ax2$%W3~VtP#vhaD#KGd_QUZD;dkfbbB>3HEfjsAeidE55}$6o1CP:hUf{zMOmKR.&GqK0WHlx[oc}Ea=L"Ja%Y2@^&-U/%td&{_C9u6z~^,ub6s]M@NgH!7hO QksLw0y[`L', '1960-05-15', 18142, 0.15931916, 0.5315548, '1970-01-21 03:38:46.959', 92388, true, 0.1387842, 97201, '07:29:40', 'vuA}TSKEu0n(gDGh.zX-', 2102139690, '7IeLPH>ZdzLOb=g+F5nOdoZ4R!+g[T/UOr_u_P/7<~@ah+f2R74j(;@YY dS=?aUffT[jXg@a<l&sb8OBG8js3t z&bH|.#To>fOx<:{w<6$1wM|49%/g1gJB4U$E#xwC>x[P4.lAgab|(Jk%((m*E', true, 'a`dXooDw]X8k~^pc,]!R58h@E4n>(3mAx+|b*Y<`[p"0t=_KEno?Sp;p]Dj*lb@dkz$.W6HH.O.V+2ar8>P$C?arE_', 113045321751227879, '1970-01-04 14:19:05.216', -27782, 0.5319053, 0.5472478, 32725, '6694-09-07', 0.68130064, 3638),
(-269215250, '!g/NbO`H=cJYhk8h3u<t', '05:58:04', 'x!{W.#IzM!$8mhp{;6Y:}jS=ds`,+Osd,)xMhe=Alih~t%#5?S[{r[si.87mqRvJQQoMQN|bMQiUY5kgnM9(9ap f5', 557035435517929158, '0.Mv6S@[/x00/RNsa+h-KR3S)PmF%=y-{Q[]-A7unb>B%xt*i`RwRCq,B?nRZ{Q:sScV"s-A1{e58F{QxuP`v@b(wGi=/u}Wt@q++N2_NUp{}Ns[_bHH7|HPVx6%yW|D`f%1HASsIk?4[@IK7EOjh4', '5544-02-28', 31915, 0.8344832, 0.84101075, '1970-01-24 13:22:50.173', 65306, false, 0.68600553, 47016, '23:53:52', 'QvY(i=i9EuH<bt/b2/X/', 779858389, '2wf6G>^*=[f;zPI yOm6nZt-F5bF9"-EE>{FtqtY;a%3/?dd/4DEt*kzI4Z%@@Gf^y Z^&q_gL$Sb([K[D7Fx52R#GWv@|8$qk=*1byqcG[(vPcz%Ncez.$II#kVm0Sy)*(WNa=Dka9,bcQsH=Q0jf', false, 'AqdgX8aK_Ke5adny=g(4L:ug{[oM%_"b.@w4G_?bVUS8Wg#wf~|f2]5*l#C~sbSK);tD9100Po*8[Scb.jQ8t{q<Hr', -6979277126542784293, '1970-01-10 11:40:08.278', -19203, 0.47767085, 0.49436063, 7136, '5743-08-07', 0.2891303, 18803),
(-2116638379, 'W7]=8_II(tBgC2wN}n3K', '15:20:07', '> AH:V6BJ6lab}-h|Wd>7=OMsah4aM+w h9:pJL9LSK3d4Z{{PqCBz&"$</J84;cb6;!p.2P$/3]W{hNDg6w0!veFi', -1816844992166613961, '4TIF oD:ou0jcSQ1Uok8stD/J+zm1!+b5j`r0.|I:y7`_/u^ud&8=jugy!U:0&Rsgo1t~$k_{:/y9C]XH$A|9D&a>r1/^7Jpn2d_Mx}Ec2cv(Sun,wn0/jlGK%hXCuQ>5b|L+c:wj`=wXwI9*FB@P<', '8363-03-29', 12097, 0.10028523, 0.3843618, '1970-01-08 01:21:15.407', 99204, true, 0.07682135, 21181, '21:39:27', '_9k~ZW80~F$o[N6P#/So', 933319198, 'bp7_}K1q+!sh1qiZ>?sbW%=HUO:/}S& U1)6]iCc)!!NGpQ6WFo83$NU09M)$AT;2Y;)KwI?mC%(LKYLjd-Q{7MpHty/3%5_&-,$"DR5Ddaf`wauY3w0%:1@Sm91?VO=F_v2YS]gj(Lo]!Q"-lc`@.', false, '@jX#b5gpj)BRd`>v#(]a<~P?S]`@!$~&M`*A[au6T+*xh,^xt=lfSmGZG=cl&RS&!=:s>>fy8McQaeY1Pb"^E g)*M', 3716656557528587906, '1970-01-11 17:43:18.353', 7953, 0.17124909, 0.34123862, 28938, '3698-02-03', 0.4130417, 86916),
(-1559663920, 'qfLGC<UOm"Ap_[s7M-3=', '01:23:21', '8ls,Ted,gd"b7_@mB[CN0F&ciGi3K.[#<L@hIH;npr:qFJ0=m!26UXgJ{&||~+g6MFDq3aw=D0>8X0[|VF8()pa}d(', -2519644780855596068, 'Sjgze2`A/(;3e`.mk"k]<vn4h,;C:Ql`p,,j" @,1@^[C][-Z0p4>]<| cXMGRG1cc$vV?"+]A(hvOsF78)iDtp_Qw:JU*f#Ct!?j4>a_zJ,AIx=Up;Z%F:",f%`^t1Zs iZSa@+ENrJS.#jr?!<NC', '3846-12-08', -31896, NULL, 0.89978826, '1970-01-16 16:37:26.068', 96026, false, NULL, 54411, '23:47:00', NULL, 1945446307, 'Xn(Z%l,anwAJ,tPwE}JeE#aPN_m6x7in.EU/UC/|2,Mtuw9Nak>QbtWCT7IbzuYRX<fs<+7Gt:d)rwl)7:%xsO!Nj?7]VVkQX5n(cn$ypLh3B2)Q=YDn5AopjK*{2RVgG=6fdhxxF7/Mocr`1Y}J-0', false, 'd1#fZ9M_0wtL1w-Rvfa wwnrd<6~D2VkFTAuMmNs&)W.<_9fgQ_ZFii/t:%wu-5{O*.es55B"7Hv}V^<]o:BQ.l0.b', 3487276439353892910, '1970-01-02 18:09:27.269', 19950, 0.952819, 0.4887795, 70501, '7744-04-16', 0.49015975, 94237),
(-209164266, 'Rf-3/Hkc}Y;I3ap3NilL', '02:54:56', 'Leo30K*"ab$C35w?J]FB_"w|>UY9PP,r8bN=T{Xu78n+xfL|fur&h((zqtjbJ/g$1KwW7fF{gktz}jjJZo@!4,Uvu<', 1552406781034597369, 'sfMO^lIK/!_jZjeNU|x;e=mv##EXYDkc?Y{^<Z^ugKJ;C%y)8m+,ufBBp@iq~K6~CT4neIr ^W/N)rfR((O%X";E9JaP*aW"}|v4P- 4.2b,+b+F[@<losFn$f8>!5x!PP>IofeduWq)}~0/ut.14D', '7089-09-23', -23958, 0.016727448, 0.98545045, '1970-01-14 01:04:31.908', 23799, false, 0.73744994, 73775, '14:50:46', '*!FjYRK_S|^n_#@AWyo6', -1774652425, '-bE{;DO~fH tmJ}6,fak(Id.rW<Z1S:C*|v#v(j9_Kb.W}R8gRMF&J9{/[ tSxjs9.dY%vY(ZR[$kms]#b0#&#9G2[N#r:aDK5`mNg3 GH-g!Tav|mp*:DO$bWo/ib?QdWhPG(WXOAy4"!h.".awR#', true, 'aS/cOO^i8!mO~c*)0[T&;v?C)U}6S8J8dGH=Oh%~7_~}=!pwa<Df("w`:m}8JOa_As~:uIr-s}vG?VH!?3|rUa@+!@', -6622094061613530546, '1970-01-09 07:27:36.042', -2757, 0.32111102, 0.75926346, 80681, '4525-05-26', 0.04537832, 2221),
(-1634214202, '%P2$Nd^RS;spz+(IliAc', '13:14:57', ')vU!+7 ;*|{v:GhP+f{n~y91]76!~(r#*M_FlahOWs7G,Fu9R6{+j28Y45&=(7Cck[ HI7Eac}}sv<@:t>Dkx/&<yo', 7342157319426486638, '0Ilvys8tc cW515zQ0C&d@Os8tXkl{D~*[DCVaMX&7M4.=Q0o9b8^H9%`1~cfRW#fso_`aHg!b__U3#u!x(z=#+:B1%w6b; Ll,>`S9yqD|#Ds2W6Lt?9)wQ6=^&lg4eRs1"}tY}0@d:(`VCcw]zSy', '7395-08-15', -19247, 0.0655396, 0.87972766, '1970-01-22 12:27:50.277', 54337, false, 0.33269066, 29943, '05:38:15', 'T3e4x$bvmFj&9f#_$[tF', 1283533008, 'bR#IJ-gbc]P3"B0Y^}lzGCH4Y 2|OeJ5jJQ*"f4@P5DS@h]yTrK;2@enBr=%t!X+lg`)_,y+`eG][a_o d"OR^GdCb0l;(e/o4T9wCuN.b]6#X;#a%oz|K1S@~wQw$`Vt?,xbO6b>78m4zc@z!xYd|', false, '?jJ[N-&[IJoz^bonD(a+8S!K|p[@F,Vi%?3e>Qjo>uviD)liDn`2UwHWQ(/~=ileRL(){Hx[pwW^i4%,3z$RO@$>?>', -3123121480643598600, '1970-01-01 03:52:24.886', -14035, 0.2340836, 0.06955725, 25421, '8074-01-22', 0.70136887, 74812),
(1778009009, 'd @*lU?JJ=-pQ,)PsBby', '18:30:14', '$1v,a<=>bh|Mt++j:_aErPUA?X+p:!q2O>auuqM&$>FIyI2Tnl6hLP*/7N[R^=ks~R{=%IU,^Cr_>?qT5oS1gBj!>U', -157932401659319557, 'yvGjU)j!!U[=YVyWa=Gfx)E0g+V9F(dTQ(p:DK,bPE2,Z(ep+9TGhE4{<BP9;oc)|C#3FcFtc@C6HlWDnf%E]bbzbG{Ge6^)w._UvoCw"af<m"(|f9z4A2gN>i]oE,6n=J;p%XLG"Ijn -Q%>A40yu', '4739-03-07', 28614, 0.10063797, 0.65509605, '1970-01-22 21:58:15.208', 82227, false, 0.7406063, 36563, '03:00:07', '*[A]qmKT``8MOLcyN9bN', -1454300878, 'h{oEdG_Po-q]*OhMf(JD"DZOdh8Ou3m~G#o!c38>EuRo[,DIvE.=Sq!xz[ Kcaf[~a=V`$Ndpq8*EI<a=I&r<gui ,a O!q^hk4TMsxZ=LR;E4P8d]PSRM]qQb(M^xr( UaADUy@psB`!2*c=B1bG/', false, 'y,?HIv<cS{iYpmPH-Lwl$Q0@&c~TB`C)eX2~j@oKN=f(uE<Gt<M.,)w8THS5 0bc:<aRt]S!#bvg,Z|T||s29cu9)q', 4376712487625254328, '1970-01-19 09:53:05.755', -7425, 0.89362556, 0.44852895, 5108, '5515-09-12', 0.94649196, 8816),
(247915682, ';d=DN#(pRA&It+8*Mk a', '01:05:01', '}kASxTN&?4z5Y3+VB)3u($ixWW3gR0&TTQ/xt-[vw~#]U% $V!<_)6.}wBM8=%Byya+2Alr2%f~KaH$Gh$X-0$bYI<', 3223684782335189285, 'F]6%3PbC2EK?TmlHV*Z<VUW,C&!kay8n,#.H2j391/QbNi9Z~EA25M}i)9<>J@mgq7xG(J${IZwQM051tqp,mc/yTak4CrNb5Y|wk9@*gb*+$Y#)WcrahN=7a.`@h$Zi:$z*/{Y{CL?aJJ+?sf!hZz', '3272-08-03', 15259, 0.48232847, 0.30326086, '1970-01-20 18:36:54.342', 48714, true, 0.14975035, 8747, '05:57:23', 'F>l-T:{pE|66aN7bIzA+', -1968310879, 'our>}1=|$075h;..oxeAFusd=oJiy$P.{S@A.9#BaP0gLrT/|"U$Te-::N~T&[=+[2[Z~KX&+[o@St(Bd3cs3Gd)oZEl+%7iS=Rz">Q:c2 /hCUK"lwjBe6f|eDxMa([:Gj[x5NZaY9;gxEQfwy|~_', true, 'A7p*>2&$qa*V$aeQ}skmW4{4AZ{8nl@Qh MPh&5]16`U<d0G(ikqx^IKVa]"dX+b>mgvnB/Z`rE!IJ6I7RA =B>{h5', -6595776710321203961, '1970-01-16 01:57:48.741', -10479, 0.03574425, 0.85619664, 57835, '6542-11-24', 0.45924482, 6819);

-- Check data 
SELECT * FROM VACUUM.T_1;

-- CHeck Historical data in "hbase shell". 
-- scan 'splice:<table name in bhase>', {RAW => true, VERSIONS => 10}
-- there should be 1 historical record per row

CREATE SCHEMA VACUUM;
DROP TABLE VACUUM.T_PK;
CREATE TABLE VACUUM.T_PK (id int generated by default as identity constraint VAC_T_PK_PK not null primary key, in_col INTEGER, ch_col CHAR (20), ti_col TIME, vc_col VARCHAR (90), bi_col BIGINT, lv_col VARCHAR (150), dt_col DATE, si_col SMALLINT, flr_col FLOAT (22), re_col REAL, ts_col TIMESTAMP, dc_col DECIMAL, bo_col BOOLEAN, fld_col FLOAT (50), nu_col NUMERIC, ti_col2 TIME, ch_col2 CHAR (20), in_col2 INTEGER, lv_col2 VARCHAR (150), bo_col2 BOOLEAN, vc_col2 VARCHAR (90), bi_col2 BIGINT, ts_col2 TIMESTAMP, si_col2 SMALLINT, flr_col2 FLOAT (22), re_col2 REAL, dc_col2 DECIMAL, dt_col2 DATE, fld_col2 FLOAT (48), nu_col2 NUMERIC);
INSERT INTO VACUUM.T_PK (in_col, ch_col, ti_col, vc_col, bi_col, lv_col, dt_col, si_col, flr_col, re_col, ts_col, dc_col, bo_col, fld_col, nu_col, ti_col2, ch_col2, in_col2, lv_col2, bo_col2, vc_col2, bi_col2, ts_col2, si_col2, flr_col2, re_col2, dc_col2, dt_col2, fld_col2, nu_col2)
  VALUES
(-1989834111, 'rHV,?z>+y/!_<m+Ivvnz', '07:01:26', 'mq`2M"R;lV&HRRjFbJwc.j~zzC#zIHuWS4S4o&ySSYZ(N&x|aokyvQbS`="FzF<Lk|c)RK[=FB?e-X)Vj:YRR8K?3^', -5207436965076635949, '<`qp0cbJv"jC9!WmiU4uc)..90W7}B}#(8,aPQf%^v%V,(:aH=/,Fk(}[V ]>&jOMLYb(VaTzNV&h{^PI`WhpWj*^OdK%2=y(.Y>%Eno(lwA}ojsJCK9-.a0@oucVXYc>&Yu<Qh:C2 4vJ82rGpsSF', '8226-06-26', -12016, 0.1345461, 0.059993982, '1970-01-05 17:57:26.39', 53086, true, 0.4566872, 99488, '09:19:43', 'fOhX<UdL#6hQr6..U<91', -1465054417, 'E/.x9{DF9k<L;x1pp=&}iJ8(9P]HK{wgntTr*W2|G^Nq*jQ/9)e#a.}_.529`Dpbtsbj2 "LJRm[:0W6&7|b{UMh=F"NkjVF,gTkelS?]O?l?Z)v5(RFcC hn~%-Wo6*]pFK(*IeGg2u@)H;2lj7&x', false, 'u;4*)ZVAe^g(MRQ%fk%{>]/_>pqEoH =KD04EA73K1mZ52=mU#R$m1 WfE9X]Xdq6pap,V`1~kSK=y5jQP@MoTGtn(', 481470166704132116, '1970-01-01 08:14:10.9', -18649, 0.9847319, 0.07763839, 89549, '8659-03-29', 0.28963083, 66173),
(-1685453551, 'dR%w]!"QQoTgh^Us&uqC', '20:16:23', '(BAqae$bnZnqz:4^bxq/tK=&!mgl+cDdC wde0?p1R}sSr2+]^i=^V0I;99sMR8,PD[f_fLYBl9a{J7BU-$#n"ky3-', 9187959420060679002, 'aj:Hf*LMpa_bgsa|3=LAAaQ"Y0raWpC.#&x.}T,ec tmvzX^`&D_RH1JN#6oyQr-F9Cc!) /Z@=dBP47E[{Y(kOuf`=$7$i.zAv8=xgDAXmpcJmNM aMl 2c0|H?t=?DIJta&aqrR(vDaZPeYP&]ev', '1942-06-17', 11852, 0.7326208, 0.021915734, '1970-01-24 14:58:08.653', 11200, false, 0.4559004, 66692, '00:12:17', '1O%s+I3#RZv7N]4:z&Zo', 425014967, '.X~r3})Vkw%N|&30Yd]<"!M7QN@3{w*45D7~<7H#}k6*]I1I]OQ|1N;Zqlo0v~Z6R8fT6/9p8zReR|iqWb2|!UmQtIQA%4MVXTbqiijI ad0GFDK)3!J9R<hO.#b<IH.%EhDwc o;::;r=O#YjgHRh', false, 'e|R|]sib[cRA=al6kKi|r9uz]6-zy^%.Hw~:U`aa1/mSmTL7&d)W4!z6?wirr#!]*o,LCe/3L8@kx2{M#*+OJYtx6<', 3299883099466696612, '1970-01-22 11:53:59.407', -10467, 0.104334116, 0.05371636, 71795, '2971-10-10', 0.72307837, 76372),
(-314379651, 'svM*N4-#J=^kyNiki~WU', '22:12:06', ')~v0wUnC]Pka?A>-Qr>&LPI UCkOzXbpKBQz7r*Syv9k!?*AB[tO-X3CV&kh4dEYDGbI7%?Vn1ZejW,l b[SgB/~#Q', -6296355976248313979, 'Uq"`yZU^MAw?a@b!AZy4?8#cD}ohiw+LpQlf`gYkQ3G-VVTc4t>yTfbgqvTZ05zwfh%X"0"="p"<6*(l<*ye$O`gR/J~^Ev`Dw*0~7*8FNG`kXRFF7rvX0;C>Wy?X*S0fpk`n/9b| 9hx{kN?JpB_}', '5868-04-27', 25817, 0.3363456, 0.3716346, '1970-01-13 16:35:16.198', 77631, false, 0.37860003, 59323, '21:38:46', '$f{Q4)fd{#w<:g/X4]H*', -1088114587, '/y=))o>]kmwi:)*Pco)#<!jjd{3>(m|n>iJA!Apo"/,q6_!XfLj+]R}HlqOcB{5Cj|R%K/3pzv=z`B1q[(ko")(bugwg|)"t]8Nybi133srnGI2NH.$^~Gu{{+YTAY*Rh4[409`bo"[%5RRT`3Sde"', true, 'B:9-eVg{|BC/8On3C*ZNskY!hmmv8Gw<4&O6JZo#CV-soL3eTKAU5`Qa:5q|aFDsWOr;D0z_uQ8N{b~*SF2F7G^Q4<', -5291148240578602644, '1970-01-02 21:07:44.113', 24318, 0.28826618, 0.60159254, 62434, '8123-06-11', 0.5055916, 2086),
(234287429, '*ZX)*#;[$<e@%${|6| 8', '21:01:43', '8/!x"5q5E;q/vg9a+HRFl7_,@dYwSiATtt]GebYfrC=[|map.Y8Jnx%fFfO[y?@VDvK`>K9t8h^"l< $oUpdbk)ky6', 5843162101565572526, 'z-ae!VJ>JRY_,)R24ZKAP`.8/])W~raQIP{vYstWNx[|@V#_Z%!eV9j,&xB`mvAbl9|fBzbW"`eJPm#?aM)z[B*9RU^r@[Wx7bG}e{#XR<]]N_L,;l/pViW3LD{a[dMmeAH`gxr]yuOcjw mse0bmT', '8763-12-03', -25836, 0.6996842, 0.5142485, '1970-01-23 10:42:03.796', 28750, true, 0.5603911, 65604, '08:40:38', 'L`sb$Zl@E2^Qf4Z-[<EJ', -1372875944, 'O@0<kWwh"WWs&3M))JC&%"XlIf[*~GGd>"_M*T2O.Egd5P;NFy2)U*^b0MgFlN6d94+:9J<7^&S3usG&rh1Q<P7-fW?vhVXgi!LN&87f{&oFWb%o1t)8Xlu7qyJb)9t({(>4D.h<C[VNJ^zsTIYEfh', false, 'O:Syde/~aLa#;6"BFOatb7@El_+MFYc{R8,F"bmGc8:VcD{:BF`gFVI[WDmef@/<aDxtgHdT7fgJg;o$ua5`q(>-|q', 3250720088313678457, '1970-01-08 20:19:37.277', 20223, 0.78364706, 0.75430053, 90121, '6285-12-16', 0.70857453, 91760),
(-1185944483, '.x}~8kBEV%9awzRln1""', '08:44:27', '&re[`@>VD]XTiEVK,RLl#bn%$_+6"!2gS-irTuNr"H/a%b6R8kMF%vw;U;iJ JjHqX4:^ab;>EoB41=1Vu?"qmQXJl', -6665894739196446284, '9<P>=}xDiH$Pc>b4^Y~`oO$&UGLv{>Pr1@NAXI35G>=;<fyC9@6pQVAvnoifg3SlN gY`fy3qB_[[yu=c@Gg;5B<544J;@0,nV:%D<Jz/JRfg*7~aSJTzd&AC;=`}$e]Oc%b2wa<|&<a-D(65%V@KI', '7185-12-15', -20419, 0.690566, 0.96694666, '1970-01-17 12:30:46.854', 58759, false, 0.47002122, 64700, '04:19:26', '[1{JA/y]VpDekEDzV.0A', 893490849, 'hrqY8oRPXyGnxnh/keh!GLa"b[h}G(jrXO=m5~!^X290/Fr~y1.{dE$z1V(y]bmx[brA]:q<p:#uD.)Y*maU*%Yhn;yaHdxxE?{67|cR"2A{19%I,*7s+}o~TDh6CkF~}PcI?cyT>TAqORVn)9-4<O', false, '(s?)%hE@2`i#$b,4kq|8#r>4hH4Y0Wm,c#N5()5;EHdv"7K5{u"yY815>8d7q)%<aa}"d]{*z<raNN->Gzg1%:jcE_', 2048518878418537802, '1970-01-25 18:55:06.76', -10092, 0.17061031, 0.6111055, 70064, '8664-02-09', 0.98297733, 97816),
(-927235277, '1*Vq{6hukjrVQ"*bQX1`', '06:49:10', NULL, -2462657104293867782, '(kf}L($^9(%y3Q>p8#VaZ$ A9KVNQa.A;r*{|Orr$-i~Qq/rP,?2x&;Y!rsEWDS"+ks"G6*^:#2/]9^e6!qcyY;lv*PHjWP-6/J],MHnVB3#~r]+D{2a+P:0vj]Rmr=M{P1ra!a4ZS5v0s`UIp6%nj', '6309-07-01', -23936, NULL, 0.6144087, NULL, 91800, true, 0.9811255, 71122, '00:27:12', 'EpAVQoGN0bY)B"sFZiZW', 823812617, '&?!l=(FbN"bitz,P#8-aR5#t15a_<5!+ajuV=kwsteno1#8@";eS^#3A%t6:+2M [vh(qVz~{F-?";-rQ)(1P^;6S<JzO<c1l&&g0d*nz)3BEXm=.c!Qc;_Cfs$J+SD^@*9tP~X|*AfoWa]4g CoBa', false, 'I4$pN+bQfK908S$)$r7W0VN7=I!>|>B|yLwnST[vW]Kyl{HEgM;Zb;V!zk6Zj/k5bc2C22YyGv.V1]{Cuh >YjK&-C', -5212116361114354136, NULL, -19324, 0.6230201, 0.24184328, 97515, '6104-04-26', 0.22665869, 83735),
(-1374874774, 'Vx-@Q#s~t^A!8aJQ&b[n', '14:03:13', '&iOy0#2]cbHapnFa!@[,Fa*QSo}i8*J,*04>ydr>HOYoSL,4sB{rH8G gqbP9|eWeWq|V{weYaNy|9b0MWXDa/EQWi', 5058812913611998187, 'HdFU+%;KaiC?_-Em<aaHw1/yuq["%9WC[BV+04Ra< P"?c/H~jF7AfE17of%=(E-hzR!%5mPeZj.<u{{0vU(XbthbiZHsa7.$+}oZ}%^iwhpop+eQ<&?xmD t&^*/0}%PWT;KUs|j1,X4Zb5`BgQw:', '3790-07-05', 740, 0.8777176, 0.079818726, '1970-01-23 18:36:22.578', 28406, true, 0.708597, 46380, '04:22:48', '4X%_bM6Uuaf$G$/L7UEk', 1520247922, 'Hq}:P,,CR%Ph0`~7vL#}yQQf7],Sq!mWVG6D@Z/mhiTsQ[,goM/^$M M^*yyXWbV-Sd @g!n2+[$"wOIgU|;mh[+bk}Av~1i[a:)$]BmdtrO]q<D_9/;oElrO<T]LC#UM,&(aJ#m=JBBV7jUa,9Y]_', false, 'y6I^By()U%+R4Fv*3@Y}}-|eV$-_h-x1m9AA#h:=Z|jj<!_ff~bD.,(B`hqx!`sBDY=e!R24iqeayz-L-WGC8^#JVg', -4108102231541318690, '1970-01-06 21:41:48.184', -30256, 0.72708005, 0.56098133, 80235, '5152-08-10', 0.7109329, 4137),
(303587368, 'Rax6X=[>K<Ia!l-rH|_y', '04:08:30', '<R37GR]K9M;9nLKk=Qbp,t:^iG(7#(a@s}%1 3^!uv$j,@;kI(ccUKIe/+HN_mu.q;[*n0_?ILJ7-^)~.T$FQ2eI$T', 962806384090473582, ';MC(n1]-m6pxg yz!Xv[e;aCQG..)?gdSNeR(Ex^WhcZ/aXb-ujD+61ONzl U(v(^B*D~/APj8sim#`dKs?Yfw>SH;/([$1[YwK1/qM:G"(#O:;6TAL@6?TjPbK}ffD3:n(~e,r_{u;%/$_Xi|iJ_|', '9425-04-21', -8318, 0.39819843, 0.32666188, '1970-01-21 11:12:38.503', 48697, false, 0.022882275, 83180, '04:24:48', '}"HA:M7b`PGVrXk0TyqU', -754465508, '8J>0S2vsG6|,EWrxtDnAu=1qqQ~%ua"j_(@2HS.a7ED++Gk(|t3k[4qkxd}:76mZten[,aF`-?pkG}L;t*t39d~OL0}}VeuXwTd ;dXTFw}b0_`9_t=Z)Nau3swi#?]|t)b)I/w)o#N~?L-M$PL8x_', false, 'vRNVp1-YWRky^ST@=L@CJN!:"D"GN,PCj[~-5|MbP1/_!#0JB=`L86atd;vtGXnT+Gfl2Eo#iaRDN&-/P[7"d&9k`a', 536814577473694635, '1970-01-05 17:22:03.801', 17837, 0.982263, 0.30047613, 68672, '6151-09-26', 0.703938, 85950),
(652854341, NULL, '22:12:00', '6NhGjg-qI+ieiobpt%`%33nf8_7js{*{rk=S/uO2~<61zAaqaGC~YgZI[XXqw[Sa"?|oRQD;Es#t%>N}**E<dKmTmx', 8889613980794131837, '~;;)lxR0mTury0l1^=Xf:2nJoLsO|m>{^i9<;JX%^-fZ-PVS?Xb/X`JKH-"_$2Y/J!dNkaS]<bx^6 d|@Pv#5c*.24SMr`4Foul>2vlsAvnqwcV5YD*}];d6[-"^M:?E{CA#i)B=$*A4jLn@{:Z1)y', NULL, NULL, 0.55023825, NULL, '1970-01-11 10:51:30.097', 31936, true, 0.95665383, 16636, '10:22:19', ';J=&Av0Nz1e+<fto!+a?', 406056208, '_(H]HnCd"ax+A82N<a[>B#sY3DdR)^@S@ht{mcQ9/FQ>NY^k]Y]*-L,p{cQ8d)iNGVc.L4HCb W6#%u6QVz[X>R:E7KvG|5blSWxVa[KS{KxwXI`"8G?SV&VuJi}fMd*kPX9>E%y_am+z:Pzb=h2jD', true, ';+Q}MOW<j^Q_hY#:!Q_dxwk;g,T2u^b0r9sBu8v#5H8q|uG,DgQ~*-BU1a8rZXlLl.Jq?Xo],gO>@uDp+-Aj%S9EYn', 7950455395067575258, NULL, -25025, 0.01798886, 0.284334, 74660, '4796-12-30', 0.29160407, 3874),
(808461868, 'NWyiTop4avqaMYC-`8%E', '09:53:49', 'q/a:4Fu$1eg8E75x.(FxJa]5N9CqPHkH5h`pe|xzx]}c!eQVYJtZ6<5auUq8>dhIhMQ UA2xz%-4GdrE4UjmS2}3%1', -6846629007579537338, 'bv<tgkgd(mki5Or k80}CYYCOw<Z>3It=%|#4fH=+?1fSIESY}VzN_c$I8H}W@E,msdb.2gUWDQ,zgmvm2Qe 5,v/aW{ai~j)F _y<W&m:|M,@=>FfOwfe9H2Lr72g<JzVa8q3b<%af.re5EE5xUZt', '4897-12-26', 22211, 0.39961308, 0.38635135, '1970-01-24 09:07:37.255', 73168, false, 0.6344191, 52406, '10:14:23', 'T4bbF}RtKzac,#]C85DP', 848953242, 'lj~+TRhxU+N17+D.eM1g7g*aa~23z&+&FbbWVkB1Y1-lRJPg7XaLl~`a"(;Kjbd6HH>{.0~?$vHt1n 6-kiu@b;0L$I}iYCd9AaofH-I]Q;DI+ZGTbrP){:PoaG>co%30>8P=SH;FP!c?MPwHGXL c', true, 'M1niH3b1;O|GkdxY!-7au?SW2I!kNk+n,9MO|?mq>^d .:un>n.`;ikYLx gMs}[+j~|!{~8/<S,F|s}kD_G9t}vb-', 3119224709557801719, '1970-01-09 07:35:03.463', -27203, 0.20952594, 0.39671195, 21369, '3839-07-03', 0.06317611, 93865);

-- Check data 
SELECT * FROM VACUUM.T_PK;

-- CHeck Historical data in "hbase shell". 
-- scan 'splice:<table name in bhase>', {RAW => true, VERSIONS => 10}
-- there should be 1 historical record per row


CREATE SCHEMA VACUUM;
DROP TABLE VACUUM.T_PK_FK;
CREATE TABLE VACUUM.T_PK_FK (id int generated by default as identity not null, in_col INTEGER, ch_col CHAR (20), ti_col TIME, vc_col VARCHAR (90), bi_col BIGINT, lv_col VARCHAR (150), dt_col DATE, si_col SMALLINT, flr_col FLOAT (22), re_col REAL, ts_col TIMESTAMP, dc_col DECIMAL, bo_col BOOLEAN, fld_col FLOAT (50), nu_col NUMERIC, ti_col2 TIME, ch_col2 CHAR (20), in_col2 INTEGER, lv_col2 VARCHAR (150), bo_col2 BOOLEAN, vc_col2 VARCHAR (90), bi_col2 BIGINT, ts_col2 TIMESTAMP, si_col2 SMALLINT, flr_col2 FLOAT (22), re_col2 REAL, dc_col2 DECIMAL, dt_col2 DATE, fld_col2 FLOAT (48), nu_col2 NUMERIC,  constraint VAC_T_PK_FK_FK foreign key (id) references VACUUM.T_PK(id));
INSERT INTO VACUUM.T_PK_FK (in_col, ch_col, ti_col, vc_col, bi_col, lv_col, dt_col, si_col, flr_col, re_col, ts_col, dc_col, bo_col, fld_col, nu_col, ti_col2, ch_col2, in_col2, lv_col2, bo_col2, vc_col2, bi_col2, ts_col2, si_col2, flr_col2, re_col2, dc_col2, dt_col2, fld_col2, nu_col2)
  VALUES
(-1989834111, 'rHV,?z>+y/!_<m+Ivvnz', '07:01:26', 'mq`2M"R;lV&HRRjFbJwc.j~zzC#zIHuWS4S4o&ySSYZ(N&x|aokyvQbS`="FzF<Lk|c)RK[=FB?e-X)Vj:YRR8K?3^', -5207436965076635949, '<`qp0cbJv"jC9!WmiU4uc)..90W7}B}#(8,aPQf%^v%V,(:aH=/,Fk(}[V ]>&jOMLYb(VaTzNV&h{^PI`WhpWj*^OdK%2=y(.Y>%Eno(lwA}ojsJCK9-.a0@oucVXYc>&Yu<Qh:C2 4vJ82rGpsSF', '8226-06-26', -12016, 0.1345461, 0.059993982, '1970-01-05 17:57:26.39', 53086, true, 0.4566872, 99488, '09:19:43', 'fOhX<UdL#6hQr6..U<91', -1465054417, 'E/.x9{DF9k<L;x1pp=&}iJ8(9P]HK{wgntTr*W2|G^Nq*jQ/9)e#a.}_.529`Dpbtsbj2 "LJRm[:0W6&7|b{UMh=F"NkjVF,gTkelS?]O?l?Z)v5(RFcC hn~%-Wo6*]pFK(*IeGg2u@)H;2lj7&x', false, 'u;4*)ZVAe^g(MRQ%fk%{>]/_>pqEoH =KD04EA73K1mZ52=mU#R$m1 WfE9X]Xdq6pap,V`1~kSK=y5jQP@MoTGtn(', 481470166704132116, '1970-01-01 08:14:10.9', -18649, 0.9847319, 0.07763839, 89549, '8659-03-29', 0.28963083, 66173),
(-1685453551, 'dR%w]!"QQoTgh^Us&uqC', '20:16:23', '(BAqae$bnZnqz:4^bxq/tK=&!mgl+cDdC wde0?p1R}sSr2+]^i=^V0I;99sMR8,PD[f_fLYBl9a{J7BU-$#n"ky3-', 9187959420060679002, 'aj:Hf*LMpa_bgsa|3=LAAaQ"Y0raWpC.#&x.}T,ec tmvzX^`&D_RH1JN#6oyQr-F9Cc!) /Z@=dBP47E[{Y(kOuf`=$7$i.zAv8=xgDAXmpcJmNM aMl 2c0|H?t=?DIJta&aqrR(vDaZPeYP&]ev', '1942-06-17', 11852, 0.7326208, 0.021915734, '1970-01-24 14:58:08.653', 11200, false, 0.4559004, 66692, '00:12:17', '1O%s+I3#RZv7N]4:z&Zo', 425014967, '.X~r3})Vkw%N|&30Yd]<"!M7QN@3{w*45D7~<7H#}k6*]I1I]OQ|1N;Zqlo0v~Z6R8fT6/9p8zReR|iqWb2|!UmQtIQA%4MVXTbqiijI ad0GFDK)3!J9R<hO.#b<IH.%EhDwc o;::;r=O#YjgHRh', false, 'e|R|]sib[cRA=al6kKi|r9uz]6-zy^%.Hw~:U`aa1/mSmTL7&d)W4!z6?wirr#!]*o,LCe/3L8@kx2{M#*+OJYtx6<', 3299883099466696612, '1970-01-22 11:53:59.407', -10467, 0.104334116, 0.05371636, 71795, '2971-10-10', 0.72307837, 76372),
(-314379651, 'svM*N4-#J=^kyNiki~WU', '22:12:06', ')~v0wUnC]Pka?A>-Qr>&LPI UCkOzXbpKBQz7r*Syv9k!?*AB[tO-X3CV&kh4dEYDGbI7%?Vn1ZejW,l b[SgB/~#Q', -6296355976248313979, 'Uq"`yZU^MAw?a@b!AZy4?8#cD}ohiw+LpQlf`gYkQ3G-VVTc4t>yTfbgqvTZ05zwfh%X"0"="p"<6*(l<*ye$O`gR/J~^Ev`Dw*0~7*8FNG`kXRFF7rvX0;C>Wy?X*S0fpk`n/9b| 9hx{kN?JpB_}', '5868-04-27', 25817, 0.3363456, 0.3716346, '1970-01-13 16:35:16.198', 77631, false, 0.37860003, 59323, '21:38:46', '$f{Q4)fd{#w<:g/X4]H*', -1088114587, '/y=))o>]kmwi:)*Pco)#<!jjd{3>(m|n>iJA!Apo"/,q6_!XfLj+]R}HlqOcB{5Cj|R%K/3pzv=z`B1q[(ko")(bugwg|)"t]8Nybi133srnGI2NH.$^~Gu{{+YTAY*Rh4[409`bo"[%5RRT`3Sde"', true, 'B:9-eVg{|BC/8On3C*ZNskY!hmmv8Gw<4&O6JZo#CV-soL3eTKAU5`Qa:5q|aFDsWOr;D0z_uQ8N{b~*SF2F7G^Q4<', -5291148240578602644, '1970-01-02 21:07:44.113', 24318, 0.28826618, 0.60159254, 62434, '8123-06-11', 0.5055916, 2086),
(234287429, '*ZX)*#;[$<e@%${|6| 8', '21:01:43', '8/!x"5q5E;q/vg9a+HRFl7_,@dYwSiATtt]GebYfrC=[|map.Y8Jnx%fFfO[y?@VDvK`>K9t8h^"l< $oUpdbk)ky6', 5843162101565572526, 'z-ae!VJ>JRY_,)R24ZKAP`.8/])W~raQIP{vYstWNx[|@V#_Z%!eV9j,&xB`mvAbl9|fBzbW"`eJPm#?aM)z[B*9RU^r@[Wx7bG}e{#XR<]]N_L,;l/pViW3LD{a[dMmeAH`gxr]yuOcjw mse0bmT', '8763-12-03', -25836, 0.6996842, 0.5142485, '1970-01-23 10:42:03.796', 28750, true, 0.5603911, 65604, '08:40:38', 'L`sb$Zl@E2^Qf4Z-[<EJ', -1372875944, 'O@0<kWwh"WWs&3M))JC&%"XlIf[*~GGd>"_M*T2O.Egd5P;NFy2)U*^b0MgFlN6d94+:9J<7^&S3usG&rh1Q<P7-fW?vhVXgi!LN&87f{&oFWb%o1t)8Xlu7qyJb)9t({(>4D.h<C[VNJ^zsTIYEfh', false, 'O:Syde/~aLa#;6"BFOatb7@El_+MFYc{R8,F"bmGc8:VcD{:BF`gFVI[WDmef@/<aDxtgHdT7fgJg;o$ua5`q(>-|q', 3250720088313678457, '1970-01-08 20:19:37.277', 20223, 0.78364706, 0.75430053, 90121, '6285-12-16', 0.70857453, 91760),
(-1185944483, '.x}~8kBEV%9awzRln1""', '08:44:27', '&re[`@>VD]XTiEVK,RLl#bn%$_+6"!2gS-irTuNr"H/a%b6R8kMF%vw;U;iJ JjHqX4:^ab;>EoB41=1Vu?"qmQXJl', -6665894739196446284, '9<P>=}xDiH$Pc>b4^Y~`oO$&UGLv{>Pr1@NAXI35G>=;<fyC9@6pQVAvnoifg3SlN gY`fy3qB_[[yu=c@Gg;5B<544J;@0,nV:%D<Jz/JRfg*7~aSJTzd&AC;=`}$e]Oc%b2wa<|&<a-D(65%V@KI', '7185-12-15', -20419, 0.690566, 0.96694666, '1970-01-17 12:30:46.854', 58759, false, 0.47002122, 64700, '04:19:26', '[1{JA/y]VpDekEDzV.0A', 893490849, 'hrqY8oRPXyGnxnh/keh!GLa"b[h}G(jrXO=m5~!^X290/Fr~y1.{dE$z1V(y]bmx[brA]:q<p:#uD.)Y*maU*%Yhn;yaHdxxE?{67|cR"2A{19%I,*7s+}o~TDh6CkF~}PcI?cyT>TAqORVn)9-4<O', false, '(s?)%hE@2`i#$b,4kq|8#r>4hH4Y0Wm,c#N5()5;EHdv"7K5{u"yY815>8d7q)%<aa}"d]{*z<raNN->Gzg1%:jcE_', 2048518878418537802, '1970-01-25 18:55:06.76', -10092, 0.17061031, 0.6111055, 70064, '8664-02-09', 0.98297733, 97816),
(-927235277, '1*Vq{6hukjrVQ"*bQX1`', '06:49:10', NULL, -2462657104293867782, '(kf}L($^9(%y3Q>p8#VaZ$ A9KVNQa.A;r*{|Orr$-i~Qq/rP,?2x&;Y!rsEWDS"+ks"G6*^:#2/]9^e6!qcyY;lv*PHjWP-6/J],MHnVB3#~r]+D{2a+P:0vj]Rmr=M{P1ra!a4ZS5v0s`UIp6%nj', '6309-07-01', -23936, NULL, 0.6144087, NULL, 91800, true, 0.9811255, 71122, '00:27:12', 'EpAVQoGN0bY)B"sFZiZW', 823812617, '&?!l=(FbN"bitz,P#8-aR5#t15a_<5!+ajuV=kwsteno1#8@";eS^#3A%t6:+2M [vh(qVz~{F-?";-rQ)(1P^;6S<JzO<c1l&&g0d*nz)3BEXm=.c!Qc;_Cfs$J+SD^@*9tP~X|*AfoWa]4g CoBa', false, 'I4$pN+bQfK908S$)$r7W0VN7=I!>|>B|yLwnST[vW]Kyl{HEgM;Zb;V!zk6Zj/k5bc2C22YyGv.V1]{Cuh >YjK&-C', -5212116361114354136, NULL, -19324, 0.6230201, 0.24184328, 97515, '6104-04-26', 0.22665869, 83735),
(-1374874774, 'Vx-@Q#s~t^A!8aJQ&b[n', '14:03:13', '&iOy0#2]cbHapnFa!@[,Fa*QSo}i8*J,*04>ydr>HOYoSL,4sB{rH8G gqbP9|eWeWq|V{weYaNy|9b0MWXDa/EQWi', 5058812913611998187, 'HdFU+%;KaiC?_-Em<aaHw1/yuq["%9WC[BV+04Ra< P"?c/H~jF7AfE17of%=(E-hzR!%5mPeZj.<u{{0vU(XbthbiZHsa7.$+}oZ}%^iwhpop+eQ<&?xmD t&^*/0}%PWT;KUs|j1,X4Zb5`BgQw:', '3790-07-05', 740, 0.8777176, 0.079818726, '1970-01-23 18:36:22.578', 28406, true, 0.708597, 46380, '04:22:48', '4X%_bM6Uuaf$G$/L7UEk', 1520247922, 'Hq}:P,,CR%Ph0`~7vL#}yQQf7],Sq!mWVG6D@Z/mhiTsQ[,goM/^$M M^*yyXWbV-Sd @g!n2+[$"wOIgU|;mh[+bk}Av~1i[a:)$]BmdtrO]q<D_9/;oElrO<T]LC#UM,&(aJ#m=JBBV7jUa,9Y]_', false, 'y6I^By()U%+R4Fv*3@Y}}-|eV$-_h-x1m9AA#h:=Z|jj<!_ff~bD.,(B`hqx!`sBDY=e!R24iqeayz-L-WGC8^#JVg', -4108102231541318690, '1970-01-06 21:41:48.184', -30256, 0.72708005, 0.56098133, 80235, '5152-08-10', 0.7109329, 4137),
(303587368, 'Rax6X=[>K<Ia!l-rH|_y', '04:08:30', '<R37GR]K9M;9nLKk=Qbp,t:^iG(7#(a@s}%1 3^!uv$j,@;kI(ccUKIe/+HN_mu.q;[*n0_?ILJ7-^)~.T$FQ2eI$T', 962806384090473582, ';MC(n1]-m6pxg yz!Xv[e;aCQG..)?gdSNeR(Ex^WhcZ/aXb-ujD+61ONzl U(v(^B*D~/APj8sim#`dKs?Yfw>SH;/([$1[YwK1/qM:G"(#O:;6TAL@6?TjPbK}ffD3:n(~e,r_{u;%/$_Xi|iJ_|', '9425-04-21', -8318, 0.39819843, 0.32666188, '1970-01-21 11:12:38.503', 48697, false, 0.022882275, 83180, '04:24:48', '}"HA:M7b`PGVrXk0TyqU', -754465508, '8J>0S2vsG6|,EWrxtDnAu=1qqQ~%ua"j_(@2HS.a7ED++Gk(|t3k[4qkxd}:76mZten[,aF`-?pkG}L;t*t39d~OL0}}VeuXwTd ;dXTFw}b0_`9_t=Z)Nau3swi#?]|t)b)I/w)o#N~?L-M$PL8x_', false, 'vRNVp1-YWRky^ST@=L@CJN!:"D"GN,PCj[~-5|MbP1/_!#0JB=`L86atd;vtGXnT+Gfl2Eo#iaRDN&-/P[7"d&9k`a', 536814577473694635, '1970-01-05 17:22:03.801', 17837, 0.982263, 0.30047613, 68672, '6151-09-26', 0.703938, 85950),
(652854341, NULL, '22:12:00', '6NhGjg-qI+ieiobpt%`%33nf8_7js{*{rk=S/uO2~<61zAaqaGC~YgZI[XXqw[Sa"?|oRQD;Es#t%>N}**E<dKmTmx', 8889613980794131837, '~;;)lxR0mTury0l1^=Xf:2nJoLsO|m>{^i9<;JX%^-fZ-PVS?Xb/X`JKH-"_$2Y/J!dNkaS]<bx^6 d|@Pv#5c*.24SMr`4Foul>2vlsAvnqwcV5YD*}];d6[-"^M:?E{CA#i)B=$*A4jLn@{:Z1)y', NULL, NULL, 0.55023825, NULL, '1970-01-11 10:51:30.097', 31936, true, 0.95665383, 16636, '10:22:19', ';J=&Av0Nz1e+<fto!+a?', 406056208, '_(H]HnCd"ax+A82N<a[>B#sY3DdR)^@S@ht{mcQ9/FQ>NY^k]Y]*-L,p{cQ8d)iNGVc.L4HCb W6#%u6QVz[X>R:E7KvG|5blSWxVa[KS{KxwXI`"8G?SV&VuJi}fMd*kPX9>E%y_am+z:Pzb=h2jD', true, ';+Q}MOW<j^Q_hY#:!Q_dxwk;g,T2u^b0r9sBu8v#5H8q|uG,DgQ~*-BU1a8rZXlLl.Jq?Xo],gO>@uDp+-Aj%S9EYn', 7950455395067575258, NULL, -25025, 0.01798886, 0.284334, 74660, '4796-12-30', 0.29160407, 3874),
(808461868, 'NWyiTop4avqaMYC-`8%E', '09:53:49', 'q/a:4Fu$1eg8E75x.(FxJa]5N9CqPHkH5h`pe|xzx]}c!eQVYJtZ6<5auUq8>dhIhMQ UA2xz%-4GdrE4UjmS2}3%1', -6846629007579537338, 'bv<tgkgd(mki5Or k80}CYYCOw<Z>3It=%|#4fH=+?1fSIESY}VzN_c$I8H}W@E,msdb.2gUWDQ,zgmvm2Qe 5,v/aW{ai~j)F _y<W&m:|M,@=>FfOwfe9H2Lr72g<JzVa8q3b<%af.re5EE5xUZt', '4897-12-26', 22211, 0.39961308, 0.38635135, '1970-01-24 09:07:37.255', 73168, false, 0.6344191, 52406, '10:14:23', 'T4bbF}RtKzac,#]C85DP', 848953242, 'lj~+TRhxU+N17+D.eM1g7g*aa~23z&+&FbbWVkB1Y1-lRJPg7XaLl~`a"(;Kjbd6HH>{.0~?$vHt1n 6-kiu@b;0L$I}iYCd9AaofH-I]Q;DI+ZGTbrP){:PoaG>co%30>8P=SH;FP!c?MPwHGXL c', true, 'M1niH3b1;O|GkdxY!-7au?SW2I!kNk+n,9MO|?mq>^d .:un>n.`;ikYLx gMs}[+j~|!{~8/<S,F|s}kD_G9t}vb-', 3119224709557801719, '1970-01-09 07:35:03.463', -27203, 0.20952594, 0.39671195, 21369, '3839-07-03', 0.06317611, 93865);

-- Check data 
SELECT * FROM VACUUM.T_PK_FK;
-- CHeck Historical data in "hbase shell". 
-- scan 'splice:<table name in bhase>', {RAW => true, VERSIONS => 10}
-- there should be 1 historical record per row


--- (in_col, ch_col, ti_col, vc_col, bi_col, lv_col, dt_col, si_col, flr_col, re_col, ts_col, dc_col, bo_col, fld_col, nu_col, ti_col2, ch_col2, in_col2, lv_col2, bo_col2, vc_col2, bi_col2, ts_col2, si_col2, flr_col2, re_col2, dc_col2, dt_col2, fld_col2, nu_col2)



-- UPDATE 1st ROW from T_1 table 3 times and check Historical changes in HBase Shell

UPDATE VACUUM.T_1 SET in_col = 1455114936, ch_col = 'K9rb7n{y);5f%i;&U7Cb', ti_col = '15:05:47', vc_col = 'lykT5wSz<-N<7l=pKl,v2[?+(vtp&aqsTiGXbl2*+M%8 h$]y:4GM(Zq0<G&dlzSm=tZ$R2Pi2{Yj>m=u5e#DbD0LB', bi_col = -2095392457734217899 where id = 1;
UPDATE VACUUM.T_1 SET in_col =1455114936, ch_col = 'K9rb7n{y);5f%i;&U7Cb', ti_col = '15:05:47', vc_col = 'lykT5wSz<-N<7l=pKl,v2[?+(vtp&aqsTiGXbl2*+M%8 h$]y:4GM(Zq0<G&dlzSm=tZ$R2Pi2{Yj>m=u5e#DbD0LB', bi_col = -2095392457734217899 where id = 1;
UPDATE VACUUM.T_1 SET in_col =-970469123, ch_col = '6Y[9{"o+g:[Uv2t;<<, ', ti_col = '20:39:21', vc_col = 'WG(OTE=Ec@vTlU"U= bjI`^S=IPxhomt-IL&mrCz+DNDtR>F3#2+bQQeWM7[|T85!3ftWVEsHXpR2w#}TB@)zw.hTN', bi_col = 8476391595179303833 where id = 1;

-- CHeck Historical data in "hbase shell". 
-- scan 'splice:<table name in bhase>', {RAW => true, VERSIONS => 10}
-- Maje sure that you have 4 different historical records for 1st row.



-- UPDATE 1st ROW from T_PK table 3 times and check Historical changes in HBase Shell

UPDATE VACUUM.T_PK SET in_col = 1455114936, ch_col = 'K9rb7n{y);5f%i;&U7Cb', ti_col = '15:05:47', vc_col = 'lykT5wSz<-N<7l=pKl,v2[?+(vtp&aqsTiGXbl2*+M%8 h$]y:4GM(Zq0<G&dlzSm=tZ$R2Pi2{Yj>m=u5e#DbD0LB', bi_col = -2095392457734217899 where id = 1;
UPDATE VACUUM.T_PK SET in_col =1455114936, ch_col = 'K9rb7n{y);5f%i;&U7Cb', ti_col = '15:05:47', vc_col = 'lykT5wSz<-N<7l=pKl,v2[?+(vtp&aqsTiGXbl2*+M%8 h$]y:4GM(Zq0<G&dlzSm=tZ$R2Pi2{Yj>m=u5e#DbD0LB', bi_col = -2095392457734217899 where id = 1;
UPDATE VACUUM.T_PK SET in_col =-970469123, ch_col = '6Y[9{"o+g:[Uv2t;<<, ', ti_col = '20:39:21', vc_col = 'WG(OTE=Ec@vTlU"U= bjI`^S=IPxhomt-IL&mrCz+DNDtR>F3#2+bQQeWM7[|T85!3ftWVEsHXpR2w#}TB@)zw.hTN', bi_col = 8476391595179303833 where id = 1;

-- CHeck Historical data in "hbase shell". 
-- scan 'splice:<table name in bhase>', {RAW => true, VERSIONS => 10}
-- Maje sure that you have 4 different historical records for 1st row.



-- UPDATE 1st ROW from T_PK table 3 times and check Historical changes in HBase Shell

UPDATE VACUUM.T_PK_FK SET in_col = 1455114936, ch_col = 'K9rb7n{y);5f%i;&U7Cb', ti_col = '15:05:47', vc_col = 'lykT5wSz<-N<7l=pKl,v2[?+(vtp&aqsTiGXbl2*+M%8 h$]y:4GM(Zq0<G&dlzSm=tZ$R2Pi2{Yj>m=u5e#DbD0LB', bi_col = -2095392457734217899 where id = 1;
UPDATE VACUUM.T_PK_FK SET in_col =1455114936, ch_col = 'K9rb7n{y);5f%i;&U7Cb', ti_col = '15:05:47', vc_col = 'lykT5wSz<-N<7l=pKl,v2[?+(vtp&aqsTiGXbl2*+M%8 h$]y:4GM(Zq0<G&dlzSm=tZ$R2Pi2{Yj>m=u5e#DbD0LB', bi_col = -2095392457734217899 where id = 1;
UPDATE VACUUM.T_PK_FK SET in_col =-970469123, ch_col = '6Y[9{"o+g:[Uv2t;<<, ', ti_col = '20:39:21', vc_col = 'WG(OTE=Ec@vTlU"U= bjI`^S=IPxhomt-IL&mrCz+DNDtR>F3#2+bQQeWM7[|T85!3ftWVEsHXpR2w#}TB@)zw.hTN', bi_col = 8476391595179303833 where id = 1;

-- CHeck Historical data in "hbase shell". 
-- scan 'splice:<table name in bhase>', {RAW => true, VERSIONS => 10}
-- Maje sure that you have 4 different historical records for 1st row.


-- perform Vacuum procedure and make sure that only one historical record present for each row in all 3 tables

call SYSCS_UTIL.VACUUM() 

-- Delete first 3 rows from all 3 tables and make sure that latest value for first 3 rows is empty

delete from VACUUM.T_1 where id in (1,2,3);
delete from VACUUM.T_PK where id in (1,2,3);
delete from VACUUM.T_PK_FK where id in (1,2,3);

-- perform Vacuum procedure and make sure that historical records present only 7 rows and only one record per row.

call SYSCS_UTIL.VACUUM() 
select * from VACUUM.T_1;

-- perform another Vacuum procedure and chech table consistency 

call SYSCS_UTIL.VACUUM() 
select * from VACUUM.T_1;



-- Insert additional data into all 3 tables and check that there are no errors 

INSERT INTO VACUUM.T_1 (in_col, ch_col, ti_col, vc_col, bi_col, lv_col, dt_col, si_col, flr_col, re_col, ts_col, dc_col, bo_col, fld_col, nu_col, ti_col2, ch_col2, in_col2, lv_col2, bo_col2, vc_col2, bi_col2, ts_col2, si_col2, flr_col2, re_col2, dc_col2, dt_col2, fld_col2, nu_col2)
 VALUES
(-1978780959, 'E,=Z<#6hUJKs!O1q%GEF', '17:20:52', 'X8h6PR{V]hs1 ibJ}A0nDR@38f_b_0FlBQ9IDo2dB=RKc0_rIjN/WD@Sc(~c0DOgMzT(Z&a]b<z@L27xI$}T+$"0Sq', 1542555851183326177, 'x{(^e,4>p3jsBmd#2 r:H<tW=];%Y{wpg~V63p4b$su!x^jQ*s7O8.v8$*-Ys<&%aOK[Psc`{936!=>@+&[cj:/O-P{1b6BRKjnX`e*&ao%_GqE|jIxs/,zoBxj ]aK[sbKYTN}M215Tp,:YC9>WH~', '9882-12-31', 8165, 0.8847024, 0.24215806, '1970-01-18 04:57:00.094', 99503, true, 0.0012727478, 52486, '00:12:53', '^0xfUZ`Sl>68Xl|?DpKD', 1833170243, '@;cH$>=`B^w=~,]a9.JB*jZ.[Lwe[ap+wLjfdh?MjNreX!>bCCN_2W.nf{mBr! q6/VUET$;Z);,!Zg"(vi")&wBsE/LwZkM/QKYi]g8x0|{`v/E+a(=)sOAWgPGcIcBceb&3/,=:M`=-Uw]bfYMq9', true, '2Pb.[#hWU<(18Bd9M}FJ}%MX%wJFDY8)=jGnt0jNsV9kQXz68# }I3<{)<9Ubyr{h7bf&Qk%`K)h8v|r}nu7bC%fti', -3001906316730727787, '1970-01-09 13:06:51.298', 991, 0.31278682, 0.41401523, 7009, '2541-03-12', 0.41652524, 266),
(-1077730921, '<P_ygXD}%3UHWcN`Scsm', '06:23:39', '(~yf$J`F/3phq42|`epb$8}D|%oW4]@[?];mi{(d~28kfFa {X7),7dwg33SI(nj7Y :~cw8-F/b4@kqb.YnK4l;%K', -7178185721701782531, 'EglJq--g:a?aU_ky{C*{EP0N[PcZl9EIWB/cR, 3V;zHaO$Ma!r#Xv"8]^6&~u*+8$YlWe!V"qdkbz#|<|0W2Ova!~j)eP+~YqAcTR:,a3gUM=8s=j2K2$#]b{F)r!5s@AypiJgAmxZ*"s"*]{FH7q', '7133-07-09', 20248, 0.57873124, 0.77906615, '1970-01-19 13:44:45.311', 58634, false, 0.20142512, 92298, '21:26:17', 'SJ!=Ik1rhKb5Y~MkY%hM', 1131730878, 'Ib>8W<uh&}Ie/|{?8$kLx]W^wx>aVr,.8Y*Xn0j!/bjl%,?Qq!ZBOC/)r)`O/1quoC`*]bAjX<o&K0WaB2Z;n)H9bubGY=AM(oK#1@*weH(~l,rNQUTO(vRqytUw^XU4k(1cmNNLpt!/n8Ls(bm>Q)', false, 'pa<5g4RfJL~{bo{ZU-35uq>Fog|}az!=_cOp/cl.Ua~6xFM9)K)}Xu.rx++xSb`1#bVLi$8<BHc>EX`,s.T5v:-8`g', 6487182815435541456, '1970-01-22 12:33:07.836', -17532, 0.76877147, 0.48593056, 51753, '8613-10-09', 0.8572815, 95111),
(-124350281, '8DHo4bU~hUbL@|X[?PhH', '07:15:38', 'ii[w9|A|KZ=(</bGwxja"|[C0<]o6_fpTdzv>J<0aF~ 8`sIdgT/}-Y:rzc&a=+QvCNoqm7=GCSoq-kCsEgVV0A3=y', 2375736269466485454, '_Dq~t0zmTbWdoP9:ys([J^$!f*^1BV*Ck{Uh|&nCGEQ3W]a#EBLL!nT^Ua3;-p?AtaI$5k9@N=%;Rn:QRuaboPq)Z+>nU5v[QVeJ0G{_4}a_qV!b$o|a@TTCihk.5ZDWXQ6Jj4KQ)2]tKj|"EsaV[_', '5106-05-09', -5944, 0.9419328, 0.90429, '1970-01-19 16:30:35.993', 64156, false, 0.2969547, 12146, '13:24:51', 'V_?v,rnt+jb6_uOk[1_m', 1823866465, '<e;RrVxo:[zp)7Z/Dh?C~]Ty{w-GWwx%()vB c|ayAkCrJ5v;~s0|Z:^e{X@%-L%bol4{c% Y`hR|Y#Bi>#6MHw8_^Ca!/@Eq2<:4$#{+<*s)ZX0pf&jD#?o`UA~Ioz3Rgf_D?8fI$gQ!F3I@jgcRf', false, ': ^`Ha~e!urM_Ct$bxz>oAH~u)1!)#<jisrGm;@XMab7]~C+#R;4`_tIpiNa;1lW`*6Hjo7|H(|v&ilGa*wK<cqiBD', -4540522135974544644, '1970-01-01 20:37:27.193', -20630, 0.06556761, 0.1480276, 3620, '8337-12-15', 0.3077685, 58508);


INSERT INTO VACUUM.T_PK (in_col, ch_col, ti_col, vc_col, bi_col, lv_col, dt_col, si_col, flr_col, re_col, ts_col, dc_col, bo_col, fld_col, nu_col, ti_col2, ch_col2, in_col2, lv_col2, bo_col2, vc_col2, bi_col2, ts_col2, si_col2, flr_col2, re_col2, dc_col2, dt_col2, fld_col2, nu_col2)
  VALUES
(1527846472, '*H]|O57(/EAhc`)VH"++', '11:18:25', '*dU&,{o.q-$WR5ixX|-.PU`Z%^u|{G!WZ!oM>-ZeQ~mI*p5 aUdTb}YO>W=""UM+UPAO&-9Z%xd[P@F@nIJUwNG;)6', 6457911430998373072, 'rh$ZhW|aY3 ?D[8UIcL5u5 TPD`aK @H#xQ{5MPgum:&o?1i8U"^A?njG7i!u?2-Wn.ztB0J|CXt!wtwO9>#7PjbB+QjG!pZAM[1YJo6 /7%DDLCB!:NT%&F$0>]1>CJ>$Dkp*X9GWHHR kd=1F];G', '5081-10-21', 31506, 0.13413316, 0.41695607, '1970-01-19 09:43:36.084', NULL, NULL, 0.016183281, NULL, '08:18:56', '@Z}*q!}?Ou?ya]>q;>/~', 1496277193, NULL, true, '573bH%6J+5^@liYs"> Mo:hyFQL{bbu_00P[&1ONCga]$/S(:8!zbw[dG+~>Yom}< 6C?~QZWs68pd&[#,>[S2}&DI', -6006450680210015604, '1970-01-22 05:36:02.192', -28398, 0.9110809, NULL, 48473, NULL, 0.5257591, 15878),
(-154796825, '5SD!afLFC/]znfJ}|[P!', '16:38:27', 'D}kEvZ*wMg9jlEO4M I 3bdbb Ye>7=LQ>.;o2+2Hl8bqY^Fq6K]Qt~osPd?+f1>*Bo-*rlyOrbq?RK*B-aD*;n=e#', -5523548513076310220, '.s/1RkWW=Yy4uC1|p n5]iyky^kqehx)2SqgR]d!c3&iUGp~;yASpX=Ufd^ {DaHs4a /:s[VaLDC-1:MRnMaK|SoJd1ay|J$1[PJwgNy`Mi:yf+GWb"dbt!FIZ(]HZ<Y~bM>^fEA9be0"wrLP%]n_', '2168-10-11', 30609, 0.46960038, 0.29258728, '1970-01-04 22:42:29.927', 27522, true, 0.7931115, 39450, '12:20:15', 'l(b:B%XR<-1jerd;tgc`', -1952767480, 'XXEV_m]Hoy*Mkl[1g,89/))oe/^B}br!NjArAfxAZ~6oh^zvbylHaWM{X8<FwxWe^t`H4s/r-NZOkP`r!MaXM/|>ER)KDG)y~c*ta2B_)u!LjQ%O/>#B{`2Ni*$D&K|r.%f&z@)4Kd"n$,dXb=-m]D', true, '@Z`O.`yEldTW]Nby#h@eQA^MfliI^mN.w ,WGVY"_:F|a3p4_^zUQX+&%*/~C(!`2cUJFb#E&BKCWU&b29cR&ql21s', -6949925921428289357, '1970-01-12 22:51:14.963', -5486, 0.4291997, 0.56425774, 63201, '6536-06-30', 0.79499763, 13280),
(612609955, 'f$Y`8YxnI$]_wnK:.yt"', '05:36:30', ']odA|[FaD-~TA Vo_(pbjxHo,ve"gA}W+TaUiA5&k.h?n|n3nON]bdBho<:F?Ml~UOaa9m^+A?L^?^Zo,f^90/qE (', -3186654993589331155, 'E.UqD>bm}@.~$xR-2"RJ[,o:ot?8LexYVWo}loG<^*_&oWSNO<:hYysGvtdCv*r4<"JZa11b+r7,_`5T!Hv#gOUEHQs7R4yv}Y9<n_-m?"`.Jju9q7*9j}FdR%TXdr[uaa{}GJJ)&aOnbk"$=,w6kX', '9914-03-02', -16795, 0.6302819, 0.519812, '1970-01-25 19:23:51.527', 67204, false, 0.48131645, 13048, '16:10:24', '@)CK%O-HSkuP|d@^LAs2', -1747469982, 'eEky33d.3<l5#da/bXA5MPG$*Wn-eG&Xw})9*42dFN$uHG)/MQ*@G:[%#8fB)45ZS3apH2*=wiD3j<xbHb_/a>r /*G~-vE^,VKf@X.j}Fi)8FG0$M!kaEwm=Pty40QG` 244&7?ui=OX.PW|;/rYJ', false, 'GKME9aJiwa9x4jag*FCgtwb>Bl5!xD: YOpxJnc#=.u9LQF@iHk/wvVD{+1SQ`UgyfCPFsX!{b?tjkU/0@b|HzFW(&', -9105838281650782143, '1970-01-08 14:01:12.717', 25733, 0.6933436, 0.8451833, 87022, '8792-04-08', 0.2029898, 675);


INSERT INTO VACUUM.T_PK_FK (in_col, ch_col, ti_col, vc_col, bi_col, lv_col, dt_col, si_col, flr_col, re_col, ts_col, dc_col, bo_col, fld_col, nu_col, ti_col2, ch_col2, in_col2, lv_col2, bo_col2, vc_col2, bi_col2, ts_col2, si_col2, flr_col2, re_col2, dc_col2, dt_col2, fld_col2, nu_col2)
  VALUES
(-1633327575, '$wFwUJ]kJ=gC5|{&1]aS', '23:48:49', 'NA|9RMreaAL[]b4;h^aoPunl0$rR0OhWmns[?+JyUan }jM7^7WPOjE@jZNaa*,wXzQV.<TO:L$qFxVj3q7w~)q~(0', -5014215380949664488, 'Vdx_Fw$Tg6[>krv=%lTY8baUb#.WFi=s=r9Owf[xG!n/UbbekeR0OJgjVpO}=*5}D8;BV=3rkx$hLZaBR8.IZDCKB"QnmHW^KBk1H=M23G(0]5ZN!?df9etJeagd@^kIW;e>LLJ8c`>7$zQWqn1E|z', '9333-06-19', 21460, 0.6285761, 0.44745463, '1970-01-12 10:13:07.605', 56494, true, 0.20781057, 53031, '06:29:52', 'l O.Na-G8#ph:i1Ej!"P', -1884958255, '.NpjF~;uM4LJgCQm{_=yu)i^SZeZa8{{lec8zc;E0F4:-4]{aIoB(:Y!ly*UH^G8Zo/-oaN:#&QubAawKJ9,bo {$rbA"Q[jhlA$3<A|`:={F3u%4o,z*7D k@@|VPQ| j_u]x~n `/cYy>#63jQd^', false, '|Y,7zS?dOQMfoYz.28!LS[:yqw?)/TWC_$#Fr-43~uH:Y^oWg0h0uiKje|x0n+uULD8,GM6X1ay# #kvo0*e[IJ0pD', -5839731767804421905, '1970-01-09 12:06:24.599', -23482, 0.3451929, 0.40007532, 61287, '8645-08-01', 0.768638, 67466),
(2009014540, '#P/3Gbzyke| is>@V2vq', '19:26:06', 'R:NeCEv#wA$a?5(`&|;OdZi?d6oX|3@jPCUu[j-VpbaURLAjPvK.An2f%a:"cvjL3]CARt}=6,ac_<R)lAb/n^wZbc', 9183333701536640969, 'j{TOSF3VU5^|qG2Ov[E)S 0oL<@<CJE!}&y@qJ9WvcR86iGBL}4*Nx{$SYq<pP?ujX f`k81T@NhvfC#z0tblf>/-,g^riOie1i@MU*kU@xAbdCiG&fl~ 0iVb?/}FoX=PtKefjRp4RGQ00g4f !ve', '3222-09-15', -1993, 0.7723759, 0.56733626, '1970-01-20 16:51:55.239', 99606, false, 0.555555, 29529, '08:54:21', '%X.*N<F5U=k|o)r-gGL8', -1932144330, 'VYYd*j`Q5oj".$d{^=/:nv}YeHv I]c~[0pd`.[k)$W:"<8qa[K8$Y2q[7ejIIbaZ$HlkP*XlY xxEt.iJ*oZ?76ObE4f4i:K$^j^)WK=^468e@ap,9fMPT9wh<^/QFoYCn*Z3Nl~z*%d~Bs^Xi?<K', true, 'B~?JCqCR0d,<H>XU}z!`AFb=Q@#uQ.4B?NDIbaN`K2yIoI>jZBQ0^2b&XnhS=-5Unk3-ESpXZbMK#bWEi6^Ksv5[@_', -5152156619821117091, '1970-01-18 16:49:08.648', 27281, 0.54050916, 0.2359618, 75535, '5813-08-01', 0.78429204, 82752),
(-308957403, 'g4pbMCGUz4,:{6<T:)Bf', '02:15:23', 'a<=X(Tq@6 |Bfo.p+dP$KPg#j^wk)jN"Qkfh.6uu2wnqg~T=M(" IacHPXk~3#r3y8TC;YvSL3t:8"p, ?5v!G%Cn"', 3501740421477155979, ';4>ekg5s=;2v.)3C5eU,Ub,Xa35!N/lz6AaN`(,40>7b>1crJj?nOMf_%gBf`-$b*|qWUFImeS54:=,&WpJ+Zp_.V?(z+Z fCkQxBjk<c($Q%yY=ksnhs?}E"^bi=`PrgS1>a):{Na[bkdW?u$O:PS', '9973-09-03', 8734, 0.0683822, 0.70064825, '1970-01-02 00:46:16.315', 77775, true, 0.91760343, 13724, '05:04:57', 'q"jZQ7_Ob9S7_76=930v', -1552531462, 'R?l`bmm+26`NrHodfgS6CsDiGqRKAB4yx[X&|osu_K&.@,}mT9 Y^IaP}b$sRES*51D)w,r)%WtZ.[,h4=thCed#)K8S+Y$QyM_#^V&OAT<C,tj9mYef>Zv =*HS>6T^qasb7umIpF4FDKxQWBUb79', true, 'xY"A1TR`P#Gk4;7PSR[D(Kk<.(afO&eH~A}o%J#;1mA4O@)ng8RA6jSVhBzmESZa<W^2ziP2wF?U*):eUx|a Wp(yH', -5184500204821616047, '1970-01-11 04:08:47.705', 23951, 0.824454, 0.324345, 36405, '7134-04-04', 0.7599979, 96872);



-- Update 4th row in each table and check that there are no errors 

UPDATE VACUUM.T_1 SET in_col = 1455114936, ch_col = 'K9rb7n{y);5f%i;&U7Cb', ti_col = '15:05:47', vc_col = 'lykT5wSz<-N<7l=pKl,v2[?+(vtp&aqsTiGXbl2*+M%8 h$]y:4GM(Zq0<G&dlzSm=tZ$R2Pi2{Yj>m=u5e#DbD0LB', bi_col = -2095392457734217899 where id = 4;
UPDATE VACUUM.T_PK SET in_col = 1455114936, ch_col = 'K9rb7n{y);5f%i;&U7Cb', ti_col = '15:05:47', vc_col = 'lykT5wSz<-N<7l=pKl,v2[?+(vtp&aqsTiGXbl2*+M%8 h$]y:4GM(Zq0<G&dlzSm=tZ$R2Pi2{Yj>m=u5e#DbD0LB', bi_col = -2095392457734217899 where id = 4;
UPDATE VACUUM.T_PK_FK SET in_col = 1455114936, ch_col = 'K9rb7n{y);5f%i;&U7Cb', ti_col = '15:05:47', vc_col = 'lykT5wSz<-N<7l=pKl,v2[?+(vtp&aqsTiGXbl2*+M%8 h$]y:4GM(Zq0<G&dlzSm=tZ$R2Pi2{Yj>m=u5e#DbD0LB', bi_col = -2095392457734217899 where id = 4;


-- Delet 5th row from each 3 tables 

delete from VACUUM.T_1 where id = 5;
delete from VACUUM.T_PK where id = 5;
delete from VACUUM.T_PK_FK where id = 5;


-- !!!! Need to perform all checks made above but for Major Compaction (SCHEMA wise) procrdure!!! just simply change vacuum procedure to Compaction where applicable
-- !!!! Need to perform all checks made above but for Major Compaction (TABLE wise) procrdure!!! just simply change vacuum procedure to Compaction where applicable


-- Export data from "vacuumed" table

EXPORT('${DATADIR}/export/', false, null, null, ',', '''') SELECT * from VACUUM.T_1
EXPORT('${DATADIR}/export/', false, null, null, ',', '''') SELECT * from VACUUM.T_PK
EXPORT('${DATADIR}/export/', false, null, null, ',', '''') SELECT * from VACUUM.T_PK_FK

-- Export data into "vacuumed" table

CALL SYSCS_UTIL.IMPORT_DATA('${SCHEMA}', 'EXT_TEXT_1', 'ch_col, vc_col, lv_col, dt_col, ti_col, ts_col, bi_col, dc_col, flr_col, fld_col, in_col, nu_col, re_col, si_col, bo_col', '${DATADIR}/import/T_150_ROWS_noLobs_nulls.csv', '|', '''', 'yyyy-MM-dd HH:mm:ss.SSS', null, null, -1, '${BADDIR}', true, null)






-- Data generated for future cases -----

(2085632017, 'hW,a29np$+ ybKIr[7>N', '04:17:43', 'DTS~*}R@8K,U"@5O9?oW,M*8BOlCLRH<"w:aRVc<uZY s%awc-_Cm"BN"GQ9g?xh]U1WUE^qR3%tr_QEZq4B#8O)t-', -7584146431295998916, '@[UcQ401md&dO1.J~}(CMc}]{r!olN{W)$FB;b^!d;/kuK0*Vs&a){o{ga-tp?dQ%AC?b8dxBOwljdq0#1pSa;EE"j?zy5AMPxk8N{Ex#a-U)_rMZMo$.bl*XpM-#)=X>E79BP}[Rk@x=!Q,Q0i`#B', '8236-07-07', 7633, 0.6203997, 0.5545256, '1970-01-25 11:33:27.935', 22257, true, 0.8021412, 4396, '00:12:18', ':<E<Yj)+A!#h$|{:Vd1L', 1530497708, 'X46 a,oc`Uz.YXrDiWTSbMi<@$?.Eyw|UvNdhh"oPqP6amZj)@~9[sYIvc:u$}w{Ieg/~/O4$Rqbep&.<brC%y#MBJ|iLZ1"=;2WdLY&l:Xa+28q0"1Tbpbc]q!jl-"v0kw$>H~%9%2Oia^Q%mSVur', false, 'rX3+Okj"[Pmb -JE.dn5&FPi0;4 Gu;%Gg^ctEzK4e5}Bf~1Iaqwno#}}NJ|qqZ"(gS#Q,/k~TEJSvXtSOXHG@-G<*', 3018749391751319348, '1970-01-19 02:49:47.233', -19459, 0.78454554, 0.94290507, 50583, '6512-12-31', 0.7824589, 42342),
(12500485, 'oBVo>o$bT=<ZC~0MP){@', '18:15:20', ']QNIZ/}+1<q4jK(s)bW/6e%iAtb=we8,-|(a;(&E!2d7rz3F(bSPk7xgc8n#*n!:55!i8>JLSpO/wD7}c:Heb]`OW2', -1258854619569204758, 'yS PGGOMblY #h_$;FQ,U+>H3WqXaK?0yRvT(nfHjaZLbTJ{!=pb#(jV@v]yj+>q;3<g[]o2n$qadAOHb$noVjX-1#lh!#9N"!wb&^Fld.!:8Ubagz!r8kU18G0c)wQzNY7FMO^W~slMhI}V&biAz9', '3244-06-17', -28112, 0.645053, 0.22415507, '1970-01-11 03:00:00.828', 69409, false, 0.9900287, 73177, '09:57:36', 'JfE2m+vr)%&jTCUZsNAf', -711822622, 'i|_E%;$}Ro?6_K((D(#4O1P"F<_e3,ps!#${x!RaZ$u{)6K"bfu#9|`el2/Qjx4I,A,QeW05HTCvXS)9NZ0<-hpaLi gR/1DNh$WC|`*<0?#Lem.N:aR+"pX}!SkjGI`XHxQ4R9F5Mv02FZ*PLXP{I', true, 'pv`;a0/PSJTlEyD`d>t-{Zn3ls?f<|t?6w8Ye{0C%r"l~Oj.f3ay,cc*b=,#O9M:*"$]ge-RD,!Kans03:aXC)_>&k', -7460426955895327577, '1970-01-15 16:51:00.181', -1778, 0.60238355, 0.92079544, 9932, '1921-04-12', 0.30103487, 86079),
(-2003989188, 't2%/;Z4^8@OJ(h#C*(iv', '11:53:02', '#-n6W~sbqYK@tlEuI"+nZ&XB4cP!BM@hW=mj^Z>aBGSq3QeN;@HV~Rng:y-*]ts.N)bC6nFxiYm;M d|n>xMeUsD>c', -7504911419136787573, '.dM$Rp&hw*l@=JTfhqn@dMIB_2;pb41)A(1j-eMgDQ &p,Z0s:FFD~&|~*%N2<h*KB,gg5e_?&0VexXE9Jn)-(/Ck<q@HoGY<waHeFNt`B6wT_a6p-ellJ/: 8x.&>z4Zv8<A#(JBsD~+Vhbh]hfVx', '7209-06-04', -27207, 0.18931544, 0.8237851, '1970-01-01 20:35:53.767', 92447, true, 0.9345172, 44781, '13:15:32', '9>{&bLoho,#B7}x{l9X`', 24029248, ']D*Gze-Eh},d{"Ja%*Hn2Dp`S>9y8x{Ad~Mo.th!%F)J@Np>w%@y( <b|NnPQOQEF1cylK]s6gs:<DBqNRV"L*YzPq4P;cs<rhsBXl`Sop)~bea[iA96Dz*1B12:RX+NG4@k/s9oA[|g)<G&5rV{ @', false, '2@|si0sF1|a&5.mDGx=Wz9upn+jkbh$}MB[{yb)g@Dg:~SOa)%c52E=dafK2Y=g>uZSNa"y":[p646))[zDi=Ojp5r', -4245929181565021509, '1970-01-08 23:18:26.937', -8665, 0.57564837, 0.9998085, 86793, '2664-11-23', 0.50810015, 35946),
(-1321867739, 'sG(O,BSx$=!k3(3.>KCf', '20:44:20', '5ve>wuKJM*07J,eN!zHZN%a-;m0luFLcg5@2[cNBI:Cxn_sE8[BbaaOh)h{o:a+ALu:o-oVsxpI.:~uIM ~caasb$P', -7230806587047944690, '(bw.("sd-Iay}(n=8RFtPIkh{weQTa&ptcQA"FY|v$7G_PSSz!9R/eY^aeP44ODw)qB>ht7a3F9Y_Z2Y5IXnb#Q&Uz2[/)bUX1QkYx@1FU9csbYt*+8g9Ie3rr2?L_ztW2B1h5=GAv3H/@)IgH0L~o', '9317-12-12', 22905, 0.027858794, 0.15921688, '1970-01-15 12:22:37.896', 87384, true, 0.36026815, 7282, '16:39:58', 'l>$@!QYNq1b!;$YMYsEB', -206780186, 'T7,a;^#]1b1W,}`YYb[Uk/GiE_9tk[@+<9]~nOt>R 4G`f4A:l9"1U-ZO&/XhWC~<p+/$!Vhva:w.!CTY(;iQxX[ ;GW(zO^7[+g6AeG7fJ@wftr@/u-FfP[1/5YI`8*2PROl /fbED X^:]UXysJa', true, '_?2$<{7X@a]|g-x)s[gw!_5}.;z_w4Kj7m+M({ L"t:(o]&K<jga@^ -([#6n]Uv_N_9orKy+l@HU3l?f#*R;$#w_m', -2692027593087132930, '1970-01-05 22:00:47.038', 22274, 0.37349963, 0.36894912, 77768, '2432-04-03', 0.991511, 83329),
(1355205655, '>ap+w)3BMTGHUeA~Ec]a', '14:30:25', '6H>:v1VP$k8lbakP(eS>b&(uxdd:ds4%ik]~~n6U6(%5qBr ?z47ix8#(.)$g87zpqkU=:RsoliK>*cDyEfag5_Z1U', 2612889249574398832, 'HTdxF6L5*h fx{Yb`e6=.;Kyk;"U%b5QHeJ2wWm%&1Of_p3nO_oAuFz*J?)_;nv%aeP:}$LqG1@f#a0Y!%xQ&>h[dpLKdl4;$Zkt/WFK+,"{yRAf=Y)(3|Cg-T;hp6/CXC_^~4+ab*U+A`8No`lx}O', '9245-11-08', 26371, 0.6177622, 0.33588636, '1970-01-01 12:30:49.998', 77091, false, 0.766344, 90012, '02:50:59', '-NbSxkgb,yDohPo#Z`TI', -455261183, 'R6Nsywa;GR@881<G4&sFjcRH_]X_[aUCFaO#sw^NXFsvd8e|)yMH/2wa{$=/u<iaa;Bcs!8iDHb{/7}dJI8Tc]XW>cFa:q>Wi2N+^&W<+g-BwuQg8v5Mygm8.&S$Q8:?uFhJ9L),(}H<v@X3$E9i9_', true, ':@nQy>CauM+x@z(inhQ<QP;V1X-UOdJoaF?tjma(qJDwN4lfA><F$P~IzY,`os(?*S1>rCYI&)ja^WV.GKX#UJ%-@Z', -5580635432490985699, '1970-01-12 16:32:42.397', -9634, 0.018060625, 0.5326582, 33435, '7922-06-24', 0.2129375, 48484),
(NULL, '%DXc(V*Usj|6xe.)BPOq', '07:55:00', 'ND/G2bFfx1039UwN4v^rcNI$1,8wmy,3v0Vljg01aBNhba.$UC >!grF}A8DE?G]$bWTm2}0hHvv%LEGJ""uT"(#%4', 7063289046943061176, '51R|r6-{J=*K!30grrXSh5q1}aU|ZRtfe5-aZA9TwlOp,JD#]9ng$@ge.o1BRfp_N[ h,z=R7qbgb{aic#}G3)-L9F2fa}%{0YB{4abCrM{uJ.$#nyktvzXP68?AZ{sc^h$-^J}Yz.CT|bETAETBDA', '5102-12-21', -3576, NULL, 0.3771158, '1970-01-01 08:42:08.981', 73927, true, NULL, 25672, '11:37:43', NULL, -1670547582, NULL, NULL, 'sb644fyPg5PYNX~,C&m]k<.!_1/!yl2oTkgE:%bt)|z4G0b`(=[os !]R+4tS]yxCQ6:IS2/re/?Z3>cBu7QTcD.#7', -1130441316974988803, '1970-01-02 14:29:07.541', 29088, 0.6702972, NULL, NULL, '9489-05-25', NULL, NULL),
(1862507450, 'QeoVI9Y-18VN!p2vO()N', '09:17:50', 'Hbe4Ep85x+@O+dda$h#z;Y`mMD!a*hVPT;H )OBlS.m_KDA4/iOy 2Y-bF<`b[;;Wi[`m@Yy:z_>[fR2XkJ.D?<it}', -6969474622770092662, '[?2BKR ^sa-E~NOyI4!^}y[Xc.9Kgzj)["v@(U*_K?p$S]l8A#aq5|iOgfY#]+bm"]<&vknT{vDK*ahaa.X$YR{K4De-$o?2azs9[b?b?xp@HH-bOaFewVxP@`I6|8pG9&^dSf=ng1c@B8lg)FgoUB', '3138-11-08', 16954, 0.817466, 0.15530849, '1970-01-19 03:06:23.395', 75896, true, 0.6333316, 791, '10:03:33', '4ne}{naZr}^l8:gTFxJ:', 1515735642, 'F!v:`hamQ>-G0s:GV asa6wM-dKkT%sB~3E:QwImiVOVMhvdBWIl( t&pQfBC!}LJ]&Cb3,vapvcfmJ [OVX|c1z{cb4~rS2ojp;hb_%pxO^nfPxSH]B-:VnMI>>2(J!;oRjGg*X5QO]8p+},D2YS[', true, '&7%X0X.b=k!KCtTYqsLFo6:p`XS%g.x];A".Y*@J%aA!M8_c`~v9L?J}K-c0{b;F.1[V@-F4)[w"Ctjw@Nj8{H2{V~', -5081261833555770075, '1970-01-22 08:50:02.858', -5526, 0.26208663, 0.07318318, 89221, '6947-08-26', 0.20189099, 9698),
(1730025757, 'gN12O4>^){pK|Da]:Lm6', '22:56:42', 'r,2ObFMv/>|n/rJ,~rh-aW*HpXIb.elOZb+l.omC$[^:-$7jGk4,CV#oHXm!;e!.^|~Rn!V>bxYNC|b3 jY&Uq|4NM', 3779261919154255695, '4z=yo7{EssVd2QsA[a%m)b0uf|w$SF>w0OBRT5-,6PB5YQUu%6iVYy7bc7Ns;i=E2Eh=H8ZM;-ySO&a"Z~A/-Oogyi;zEs0D}kd&rOJRpV7Vbs=bbmW)nL51AGfCqbsJ^Mai7mbs]bLC501r"!3nTN', '8992-10-24', 20339, 0.46666378, 0.9797783, '1970-01-07 07:51:02.064', 6096, true, 0.6301161, 78581, '00:25:09', '_t)5N[y/{A#Y<?09o1l,', -1476680495, '(_Vf? C^~lSO@(48?f{AeZw0Xuv6`N9*R1Osk^6i+Kb95U:2EL=8FSt=}uG)Z0l/[T=ZNugpja$nbrjx?x`24[rv^~Jmd)v%dA^P4aT59v;!.AGo2K_7]RLK Ds6&wV*n&qS6Ap2iOGF:puEx{afRR', false, 'zc]zb,>z%qUIB(WJsXB`E@}.AJ4]Ygtwz9:CC:*ZWb1wbyO{0*k?V,I,0~uh9;mb((-2a2^Aa?p,@~l#`ocok*$x ^', -9091887590457712120, '1970-01-13 05:34:37.824', -19033, 0.84520614, 0.259915, 18506, '4937-06-13', 0.3206691, 45168),
(-1314359228, 'FXF5kki%+mb0ydgds!;3', '15:06:06', '<U-@$u=q#n-9W(GKWOD.li"QS4z,ia4gzTeuxx:b)Gc<-sSs}UJ"`(8w+7>mb$Tot]4}T|$$crqS,YIla4Kuq!g/ia', -6227047327907130290, '6*NRbS[ThztH9;PX{GLjjE(]}WF.-o{#jnTCg/VfJWDsH^[N~xSm~5C-ao:?&pdJbLxA6aqZ4o2!a9)s37]Fu`B}*tA#$l8k(tb$$=U"Qx<|@ l/fbf9b2zU{IRGub!1Ru"x@zvV)}T{tLNsXjMX*x', '2425-09-25', 13115, 0.37889874, 0.628254, '1970-01-03 22:23:22.776', 89442, false, 0.61455727, 63714, '18:44:57', 'b?{`DW!g&wjNU6mmc3ZE', 942356303, 'JMm_}[<2 WzK>`9*Y!?0R/HO$|K8b~]/B#jDTM|tfvy<v>l{Kr_a9CNK|ecC/e?<Sg:a)$n%{/;6C(_0Yl2B7884 &} 4lyaqpYWfX|6|#itx4vIqa+sc!0~!*~ua7Y_,vQ83[:t/x.xxo90oz03Vq', false, '%g6d3Ih HlxRr0:q:I"/4@y:gqQBj#8t]paZoatMK}O VyL2!o>Doi<dz?P9;C[5pCAKq|if4ap<"1: ^9EN!3%f8r', -5280832943657966814, '1970-01-06 08:02:36.411', 15100, 0.35331154, 0.95319664, 21926, '9673-05-21', 0.6688231, 94177),
(-599316848, '%jKe? O}oK^&NfJ@J>S^', '15:13:18', '4mfM4<Tycrw%WWM;SLHKi8b&1]M]?*So/+[qm1gw#Km2>xv:8<"V.YAylV8^.;]7n Rlf].pvosjCj.=P?Yon=bIKp', -7691441190792143832, 'fNhVo2TU"{A-bLC)M^QVo*l:9/1#w%,aka.5E@]G`@`A~p4xINNv<?KHkG94EM[<)Cm&nfKC?>St#aWJN`y_+[>aOwA`wG0`W,@]HBHw|786ZK6@)Va@-8*9`C05dJ_ixl&0l`dIyQh$.aHlIW$k1X', '4952-09-22', -15428, 0.7727157, 0.066167235, '1970-01-25 00:38:22.847', 48500, false, 0.47779483, 8935, '03:43:14', '!hrv85a++3-od5Huri&y', 1552740274, 'C>anrt)a7{TUbu,Dwre}VC)lOL3KrSe@)kaj~<b1b835JF>G@2&==ooB||Be#4~Bbhi"<Mj`QBa,_qHtuWiLnt7/77j}LFtAH$!Db[1)+@S-WWK_DA09uyN}Y$9=8sR_=-zrO*LmLka=bBJ2ti!a5n', false, 'KJ*1xeaV4`R.QQyGPz8~"3@L"z3(KAi?mC+5Mj_<Cb6}/T7mFCD,gPx#ao*dJ_J=Sr^6=Eh[I3>qN,H+*c@7.y#tB]', -9007600280248291426, '1970-01-15 14:38:00.887', 29984, 0.14646065, 0.34193873, 8131, '4373-09-20', 0.3511114, 43684),
(-174514443, 'S6y$:`5w`s,K2as7];eI', '12:03:09', 'k:1;v4FyACUw|oT-7PbmUOM I9Q ]=a!:Pm6|c_up>`(C,b;Hta#[U.|w~Y"l5?Xn!IbSSqFhG6T$ujb.z`I!6-4|r', -4078580476457877553, 'xmRERk6NVD7Dm0cFKzna.jzKO 4J8!FWLxp_2#OPM7I6V7Y!oUZeRD~;CkyHW6aRp<5pUai7DjwXY!~FWlGLvAhRX0e=?O7.PdTrrWw3`#aCRde]s(,Kixdg@6r:qSb^!BD4.JG/ra$G/gC-9e@n>k', '8202-09-16', 24092, 0.16691017, 0.16222799, '1970-01-25 17:47:28.139', 75134, true, 0.20693977, 17398, '23:32:11', 'N/2We.LaCPLH 7"B`|zW', 1946625636, 'sYi3$T@zmM=/|CBkX5c(]Afi<.6:vPh5s3C|o@pcp ~jJp:W"UDV@=~2VR&#-oS(Sobtz&-S?jp(x"[^WkuP,8;AFGU%Muo99@=&FwpdsFH_JuU>0zyQd?bg:M;xFX&zoZ6/-5:zzw;u?Po/Z5L>}s', true, '3@Sw/"x`bNlB8Z5.Yhim$#_,8(fZ_/<-L~m{xQ%w-z1E6}".7?FVvG5"|*{a7Y^5P>hk`t<dGkjO0c.F|izC~Uc `1', -3519189705568811681, '1970-01-09 23:02:56.219', 22131, 0.5024992, 0.9027899, 8102, '5868-03-05', 0.39611837, 78993),
(344241787, 'xLrmv,b=BgKY7x4a}Fv/', '20:47:12', 'OZr9Sw!a@ne}<({4,;U1-YlWhdXc4VeRLKW1#a@6kquCB2#HBk)t78<CGjzcSEL5G^,)ljs1T[dOa*[DAP2?j11}Oe', -5952397577428068764, 'r6*^RzcVJtb{r{z8KJ7L{)[g]CNC8!?56Fyl?f`FS_s +;s2UToNzX QtKpro1-:a. $~cuGyJ_g?K_{7$LOvfZfnJw@#M;]+:EqRuo;AQaTv8W"X9?q/vQ_x|.f>=&NB?hibib/$_O<+{.hG{!pM~', '4522-04-12', 4081, 0.34200186, 0.61029685, '1970-01-25 17:11:46.266', 70404, false, 0.06788751, 97157, '11:46:23', 'f!hRmxJMR3K|"TeYmM81', -2112585362, ';9d=4rrwsDgTA9bs>h[8T$[dh*XZ<Tp!G_N/F{:R_aVyk5>KRcsX^Sz3;).$&STai[ydfm4q9TUJP(>OWfZ(KK$>,Yjyo~YeZ9<]<Uy3[t;S>G2-I7NPu#^*(lAB*IbuhoqIQDB>-<<{1ESw-Y/:R4', true, 'C{Iew?-hylGwN-=SO?*0$n|Eg**t}Emnaqw.Qg1<Z@YH5L9JpenJFk!Kz%e)HJOtG7~e%1Re;~N8W9bA4=4C^Z1~>:', -2077868490459189981, '1970-01-02 21:44:19.804', -25140, 0.4782371, 0.13560301, 10666, '6948-01-12', 0.8078342, 73650),
(-265693790, '6aTPps*(&7]5^1,a{bkH', '14:42:52', 'Q=sa-&6jY-W$r/Bw+b4CCJIF6?[]%RnUpx@0i79zPJ[Fz/|Whs&0" MT asao3Y{jR%G.7K*k~_}_Ls-Iu1kCC[~h~', -8158438326753304101, '/h2JF|dG@i@dIP$awXDHiS"Z=f.onP lA!p8<q_M$LJ6-?BK`jL5i9?PP9ab9HK,#oAUb24C rG U._!tK"TYKE`aD+E@Ja?xwC/Tw4@&0S,)3C}]3&x6J[a5V/54A[p@?d?NpOZ4B~kSUJqO-9r*,', '8453-04-24', -14137, 0.7844646, 0.9646632, '1970-01-12 10:28:54.864', 14180, true, 0.7201948, 84925, '19:27:06', 'p-UXot3~X]:_aIG/S=;>', -1522999829, '2bD9a6Z/gxsl8TzJwL>PzoN_INLUz~hU28Tt O8u@Ir=H>LXP+*Y"UaBP3x?)q<]u-L:|SHF3ASel%Ufvp[W|.U*dFdsE]WN_El2Z*nD~m{D=^!h[7A[v[P.8T` Us}F[Eyb2-dV@Y|EnqfaP|Rn2a', false, '2W3|Z0b{G;K,`ECmCN3$N}KJHJ%Ia}-LCpcneJ8DmD-j_)6{]7s3H<?$lxUOE|zQa3C;QWX(f]kTFnu^mGt^VG=/t0', -3210584242013563278, '1970-01-05 20:03:05.739', 14428, 0.5047117, 0.7815721, 97695, '6682-09-12', 0.94162375, 25848),
(1475353135, 'AXB~*mT`*u3E $.miuea', '10:55:52', 'EZ|I.<F[~>~8adJcF.l_1nSQ};SvT0Kr]dp=3Y!aRZ`o1zaPMRabl*,1a=[|<%uS]0P|xv({v|?gbO~+Jn5>jLT8O[', 1124194082591195857, 'l9uc9QbpNi(AFSY/Y!/ns9 ^AC>3-?DBGYXRU}sBPl:n*3Kv<$Ad5Umb/Fy;{Nbh;&T?K8bU}nZ ubeO+Gd>ME~MdoBtucH<=5KB&-ETSIy>$I.Q&>X1=yg=-(7~cInk?]!=9VZ7la"Q-*p]7G=h&x', '9301-08-22', -611, 0.27602023, 0.31215256, '1970-01-06 01:03:42.868', 15610, true, 0.26082036, 87231, '21:27:15', 'n`bVGG;}>}4]{&m7V0S0', -875750024, 'CL$Wy rq_!KX4PER9~uVuf%*Za^gG)6Rf}[A196IC(`Y!51Z!7!wZ,gZgwgMHG5=!SFcbq1J15?CsA[Or`Vf!EN[U%sW4LHO&UFvZ2Rb[%ZmTX-=+9LQ!~O_dhI]J,mTHvelj|IBvUA8nIedVSC0aR', false, 'b$EqG@3F@mDi#|M78q`R"`#bdc;OnG]y^8:hfReYaY#PFU;E,bZ3O?G"DUb>,!@x,bT6wcFP4^IT:j[:y>u*|4Z2Bb', -4116663593014398995, '1970-01-15 01:00:14.62', -11571, 0.9468327, 0.6035061, 65723, '8611-11-20', 0.46197927, 97931),
(954720870, 'Vto93B/V!.*5a*zvKq!V', '03:31:48', 'p==Xw&P)>7M7yF{$?C|{7D41a4mb85m0WnrOW(Xh]yh?yrGK"bwWQNq5|.[5E~|x-VpM-}wcO4$*LW7_PRV]a,V!g`', -4594035461238422880, 'E1]9bhb}_ax+&U-AYDKy?L[{iwo^##oL"-2Ol<[8#YH]B0uaO^+S}yK:^bGEcd?je`6+2_aYsMztUabAQ`aeX-cQx. }o-t1m7Cj45kYWC@Nyo#hM|9Z6GFO5?If3{<AoZxC5y}{zc%A@S6i^naXTy', '4089-12-08', -11550, 0.95630985, 0.5193911, '1970-01-24 08:00:07.326', 50609, true, 0.0067917774, 867, '07:19:03', 'PaKZ#4r[7nbaK*CuYG`)', -64144943, '6ij]@5wHeaj^v2)BcAAx&%qDnvVe"P [(U!-rfh7j  h/sPH@.(u71G/P6B$6]jC;Qb$l`krVK_rE4pD{+DTCtW*Un,^Rr4:=)=W.:auYwU~fMZ^oNt_L/ r*Q7i83<AQM*HZ&r^14Tv*#Zca;K~j@', true, '5j|{Y<`V8BHO2lzbmUDDJPs(]q4!(>`/uBVRXnx6L<.;-6Ae[]lAuK6{m$.7-.6W676I`?gw$V"9b)K&p~VcUp)~xW', 9055522463603753778, '1970-01-05 03:18:41.195', 1279, 0.68418586, 0.32784534, 39041, '2018-03-03', 0.44356823, 176),
(-1985626819, 'bYhbwh?TN]4vGGQ~@%GF', '12:52:06', ']7cq"ZEsoPZvsM p6K_DDlZ5Kkb"eOt0WoaV9L3oq@%7Rt+IzN=NCNI9DPtP3?,7M[B`Vh4dC41e`WY3GE:)~2dql{', -2451038842903434027, '_`xNa?YRbmbYKC^9o5{.ee@JO2 jR!m6uj6yJx>aoRXmpW8?B&zOeD4H|Qkj~7}W$AuO0MpS"$:l6cRwqPRL?s/N>;we^}Kd>#%;^{`>VjlrEvrW`6LMnZS|Zx:1%H5p)?e^yhK6qCbIO=>547P*#%', '4091-09-02', 32188, 0.124739826, 0.96657616, '1970-01-07 13:53:02.819', 91236, true, 0.77709836, 12637, '18:42:20', '-7?wjl99p|%J5cb@=*LF', -841810594, '|M:X W?o%ujnTzzKWDp)}#Y zULkgkqs76t4?zbw <&v&?>$|h$=!_C:h]:j7 {gcu:49w~K~-zZ0?ml(Y;S_%el#&Nda~4Ezo<Lu(aMPP*&Ey(cb8@HonM&=q(4ErG!G<|C!I9S*HY33*ZS=nAESO', true, '4P|b/fovh&v(SI}4/]T5z#<i0Z~0O0kMQxLMWESivfGrbR`gpU~ @gSVe-CCJ3?s# kw;+PT<|NA`}:7fB!jboKaU*', 1446072004406321555, '1970-01-18 14:59:33.086', -18468, 0.12393826, 0.98599106, 23277, '7841-06-11', 0.49088204, 42438),
(1801231169, 'X@EiQ3##[>VNv@D6uOcd', '03:41:03', '.eIlna6t3*#yI ZVVN.kL#~y*8B}%bmS>!h>RRT[Ec{DeH_:5KN}hR.DbKd_0(;4$uka4];V.cv*_O@e0x3Wu}Y{?>', 39769583078856263, '+OrMKxfQaW#FuX3ZL3xJnDNCc;uALnR{^bv*Hj7NM5,(vpp8zidVD5<C?dW];h"4]`F? ;En@b>VKbjiX^"|[1`lggb0^~QlGh-fSkRtO"6^ BBu7haadTDJ>z8W+cCw89dxbz1Q^4f(%/4RF$5>[M', '6202-04-27', -25908, 0.533021, 0.2681697, '1970-01-04 20:28:27.564', 91225, false, 0.88695914, 82478, '19:14:36', 'Xj?P/Na{nO+@09.M0s-D', -599527402, 'b]1PtUM:A8IH@bn8"_&a+PT6Yjh0iQ#bN|@2.bv$(Mi?9|x-gKk7H]DhC$TlF$M5C!i!:S;^n8R:~Pw8#~)-x:W09MwD^1Tz6{E$P)yX/`"SwIab/Ybj/asj6UZ$B,?n5=/HYw]PWqbNV0Ge!VFwn{', false, 'I%a(?ZqzO!0`0QH4xlh9ptahk`655VJN6%W87<z#;@vcc.`r}1"N[bA]bfuwb{zt40F:k<P`ny4n(-GFEK)M7me"R8', 6385414747278686167, '1970-01-17 21:33:11.542', -2468, 0.081324816, 0.9713644, 81843, '8911-07-10', 0.36366645, 74357),
(44841796, 'q$;)T|`-Z #!$/*~3]uv', '10:33:54', 'xiaaY{+S;bCE=`eZ63G:=lEFeVCp1FcxK,4vVM`1.1za=IQ-S5uj[(lU3a@2!YPl[{C>r7aG>d8v3uL >fPCWrR}hA', -5349693948287120440, '!Ye4VsW#!A!|*kT_X<V,@XUetIBEK>]e T&UI[xC9J9aexj#e5p_h.[V*WuV(<?ZUU4{ 3PmEGfo_WeVP.Z#-OB<LA|+bQe7eBw!GXE`:sm&C^J0}B//DFwnI)1[bH]UtLukET)CN39 N3!",ggj1R', '9886-06-19', 19949, 0.5289063, 0.56245, '1970-01-06 20:27:54.484', 2020, false, 0.6621016, 35004, '12:25:43', 'vLf|WQx4`D49MD0>[ita', 457966668, '%>U][%B,aJ1gp3UK]Hp1O=XG-4`ZEeq9OCStYaPsr~G)5|d[#F=2!tC6}AU.6W7m/uR7h|V=?YwYq&39TpiOU9UR5YgDQK8QA7Ka3]G93MIEtB<WD$%aYy;W13WyuC{[xkS9uQwg&R!E~H!gLxUX)a', true, 'Y;.Te6qx.}"<_a(&}(1-67R|ZO IjafbA_tp5j6BXb={5~O3=o|h:iAN/&qL&e@Bbp}At12xI+Q$2+P]s?:N2C~u@C', 2107858855285794849, '1970-01-03 00:06:21.773', -31005, 0.60363907, 0.32008386, 78621, '8709-10-21', 0.34508637, 56811),
(1128228713, 'pq 1]yV<)1xay C (~M-', '02:23:16', 'd+NqI@2"tvsyTtiJq%RDXyKhTr0G*IaY"Ha*7G?7}*Y?awa}!fH;QEz+CD5OX>uT?8d:CbL(eHQ1eZITv B=u&QCpc', 1209729164711815612, '~qo>(A58kFM-[5}g7ZEp*3Vy.rws10N,6y37I7z=GZ)PAQup#g|<hjtIkY&S.$aOp2KS/7]z0oaWma^a4FO#[oE(!QLOd8Ri-.nQ[=R=$/C=aU=4N=Fe(.I}%MNY3JTiI%QbsJ/M91CHy+X%(Wqt-W', '4703-02-24', -11146, 0.27918893, 0.7500907, '1970-01-04 09:11:39.585', 32875, true, 0.66805035, 59468, '02:17:50', '<n?,a+:!>fChKS(PM*IP', -29926850, 'LO{P-apzEIpY`joC9+/dm^c?2<d32}UZ&~4m9j8XlXnX,9|z^YY)Cs5%w@:Aab)u9a(-K_u0*>xZKrdDe@od]&/x?|(MIaaRD<8z4de/D9?4A{2jBuhE5KvEnEYd/@,Z*K?~ruqn&/Zb|e=/Iz~MlR', false, '{T!yb0gxFRX]"zQLI.r;?C^ ar_7}95^w=Sen0`y;`d_(Z`Mm9<kG6mdkTY/2geARCSov xrOOGB+},&/T4z~t2AL`', -716555528698680436, '1970-01-12 22:57:52.329', 15515, 0.109196365, 0.9672113, 97674, '5336-10-31', 0.93717575, 90670),
(-208530922, 'EkL%b:^o/!"B)?&[x]#C', '10:31:47', 'RhP(%fUA8bfqT(`H*W#G0"8PL"wZBdaw0=-3w6CmI0Pzp>DF]lxGOs!;iurWfWasoaFDw8j~ 0glnbA4VTj@P *igz', 4833407112821768830, 'Sv:<f9xoPQ+n)23KQ/kBO]PS:Dy5]}t{jzNoSV><*i_xWIofwobd"(m?`|[9$Xb$si.,eS<uNv,n-&*"-YPD{lG 4bhU6*Fgi@e@&tb1jZ^3g"4>EVxn"Y&HS,aJkts()hkU":64NKD<5QEHk#Hx4f', '3274-08-24', -31226, 0.11275941, 0.8897755, '1970-01-05 23:49:19.705', 74863, false, 0.8816501, 82963, '12:41:50', 'Qxlbf>Oayb8oJbvV+A}(', -1499726578, 'g1j>p(aIbo2_z}#Q/.RZ!,`1#6Mrb|UHRQbh;rHlKto2+VP-"Sbbm)7cH_=Cs~tS.OhwJ*,qa4R4:05SFJ5>&^la3?,i/]OB 7QUko(La`BbS<}x}%(Q..$C*zPi+VqmLDR/Jkl]Ldp%:a~ ZeuWz1', false, 'bJ3XHO,{K7o$DsiY)Lndco6Sq@#%*?cfy=uoc`b1uhM<YbVNkB[7jXK/u0ZigT"roRO2^&9#Il!b8R/y%V;}&;9{>E', -6884905420870144803, '1970-01-07 11:02:00.049', -32019, 0.4840542, 0.67481226, 13035, '6265-07-13', 0.99434817, 14861),
(1623785194, '0(VZ5h2M Q,CAhjZ0PL4', '16:28:47', '1VZ]jq,ibuY&pd"39bk~87IZZf<qA6 |g*,W!@YDPzw_$[00)yK"knwErJ%`obzN"3abH9Z^>.?wKTS)<2*ZV)`fgj', 7969202734766415814, 'lAcnuH4^UG5`,Gu?+%:)nb_>D$cu!XWVJy!2q#xiL1&!/7`e2~bQC4~AG65%SC=fS0/q*5fFhv4#=(8gvWS5hHugDal{l|gU+W0ADpmQZ9;eP=!#Zch9apb6UJ<8qUVgh2[w5:{(,}Gm*vCnAyZSkl', '7100-03-18', -19395, 0.63492304, 0.6739342, '1970-01-17 21:17:07.679', 71941, false, 0.31028965, 59901, '04:02:18', 'eJ!8t?(QK.S(kiK`~>!.', 967430211, 'W"LAQrZ%A4>A=P7)"eAmn*(NUFkUW]L/FqEbU$v4DdSn owSj}jHZ`b"<,%8Db9YfA7#Tu|`Md;Hj&i/{mZKveThzhqbxqHGRd4MbsYt<8(;$me&wsdanaEsaanqRN6UOO,aJbRI@0^^U!}ii2biG"', true, 'A#;S3rr- dO&|=uB[3~P5Qa|36mXW_eMY^o?=2DwH*q!$m&6Ikwa8JAt4!_|yv&cou0]l]S+O~CK;XVAHMu}0< N{;', -3191712819083174150, '1970-01-09 01:04:12.624', 8774, 0.45156008, 0.76018286, 40445, '4849-12-01', 0.26474845, 77542),
(715805022, 'n1=)_C-G5AiXU;$=&b4#', '00:08:07', '?SBbQ%jx`v2?~:cSoXLz!(cleA(IU=.NLKQ%H*i=xa")- ]r:wkr12/uT^vrwE8MTj{d<OB=Sm%lo"-HXS2f0A%_v1', 7474880003782015911, '{DCx3LZx-8[O5`qI0xv!|s38V?F3Z#6OB) wQwu[U. Waf*BbvZ1Q6!O4Y%f +b7`5DqsWB:b{lC.MTmDjh+vYZd+jdrL[ZaNCSW*b9Zl|GB!{M&|~D4KUexqF:%"q?n)t_Nj35vVYj}/xB"ZZ#bXr', '8414-02-04', -1366, 0.47947854, 0.11899358, '1970-01-19 12:52:32.944', 90606, true, 0.03850565, 80966, '12:47:37', 'eFP~<4(vp0nAj7>iN&?V', 368750364, 'wt"*#0>.?oVIN:M=^W0Tc5:~/-"J*jJAo6>LDB}]n}#IfI~<gU<a,&GCGObWS3l?v>m4haMm<HL(/m<xMU$@~Ym}P2emKP(hRjh`X,y[W+c6G&*UZ5[znMb.Ja6Zh-=K s|!68O|[9MJ)%<z/lmp*w', true, 'z;Zzea0:)B[?~yb>7Rl0[G262U{eShF4Oli R8W9S%(Y];O[(=M+;h,l%jRQ2sh(DHBW.n(0.WdU=`ONk@SCA BE=x', 618184537160887485, '1970-01-12 02:55:29.099', 11180, 0.7356231, 0.7787302, 15976, '2049-02-28', 0.8083936, 4097),
(495671475, ':Qa:TaQo{k[%&+UXYW|z', '06:42:06', '$Kx@O#a/Z<Qv#S=e:KX `+::$Kg)/KFMIPdixD;>V(~Ljw`D.HBI9.P9<JabH*kpU0c(#X}E*Z{2kV7spjxM"q/|4 ', 6354780018053242056, '|HV8T0OA*E&,~MZ2sb5(+.Mj!b|owQr:bf[7(F7e%oGbeDxE=T,asw?Xy^ch{~@+*9K4>Wu^F0"DfA1Y5QM>b<<Q%"a&b6C9*pnU*C,0aqAI>p|Ff~,O9E/8Z%C@]A6bMzNJu5f1N5p*W!.fx[v)g3', '2028-01-08', -5060, 0.5674637, 0.44590265, '1970-01-23 14:21:41.256', 5721, false, 0.0242261, 73077, '04:45:38', '58142n#=EYfc@tTI[9%5', -1314705595, 'ZSS`r,J`W/NU*W"A]rD-99</sw1/<eVDbbn9!QIdi%02&Dp|5bWV(qcv9-I*^Ri~Q/@]dg,I([$<ipd47b`3gd^w5gi`fVho_sea~I3Ukn[OqZ%543!<Oj7;aeV.2B--Gb}Y2C$<`$U4p55SlAfZj,', true, '[xp5B5Yb<Aah-d9Ud`#ai2%W^w}c@3l_Ox{={q?>B-J;l N,YbQT_7%>YJO{mEYljJC=QAu.o&4.Hrj9GJRCn9uEL,', 8091464300303985149, '1970-01-13 04:10:34.679', 12028, 0.3013364, 0.5715818, 5982, '6937-07-08', 0.15037362, 92232),
(-884237113, 'T+F,3<%l@81I=q j2XDi', '16:23:50', 'j5m]^iz/]bBU+!vn)8]^#_Xdkl#RhX} HH.<9e:FS2u&7?T=tm}U)k{NJnaDQeABej(_Iq&b)uHB]?sWM"0*f<0`@4', 8595587882859466208, '{r#*M]^n=+xSNk<(vfosnyEEQoY(} NfvQW hD#u~jG,F[6Zy|X8xo5l.9nbj^C^?@^J6Ud;muaBtabYntZK(L0;@(Xhu^Tj$Q)~>]V5UJS)#SRHPz<-X;H{Si<{,d](|/NL9anE`1h5alG5tP9)nd', '2508-03-07', -1335, 0.7530304, 0.44486195, '1970-01-11 10:19:01.721', 38002, true, 0.72409385, 53558, '06:25:05', '"-Q98N2 (Nepb{*2p5x4', -1194456694, 'A0n.b]w35QE"O=/IH{]#s2Rs.c#=;Y%:djLSnx=t>=1=G]/bqTcT$nr|_qGc0*GCQc k&)[|B(8kRhovr!Na~t=Oy!iA?<:RuyWO<HkNai+!-G?^LR|S*+1]|J6.s_148&>M.hvQz)I^T~e.4nq"36', true, 'ZE3s.WD`b_]rj}wi Lj tcXKL>9-pm_T)6F]q4ObXayM=I rEuO]o^,3:vFCMx%uE_PA_gwH[ggcZo8lh>U8?-BO/N', -873349350719682304, '1970-01-02 05:18:53.998', -28615, 0.6613551, 0.046290815, 25376, '7021-07-21', 0.73657316, 62885),
(2089686734, 'Y4P"bKqcO9>3/HrB!_&u', '04:02:09', ']9QNs7/7AU! QsG5]eX=9E&x5u[olfFwn!ZS0KCW%zT$Th)]<K.`6MDtb2jT<SO(ymGvJFmz;0;c3(a7GV)3c=76Zn', 4894732417487840611, 'KX"4-X;5^iCY2*HcV(vyI1VN{n4&djp4>1UOuaR8Zl>b$ Y9#:|_J%NiX-zf;R VK3$>1}^u6F>Gx{TW>a?WW|.Q2m,P$S,qQa5`hLHk;hY`@c^Mu?aX!/v"`}Vj;Mit_KHiWic/S?Qy?Y8oi]kE1<', '8969-04-02', 17414, 0.948512, 0.7042863, '1970-01-18 18:58:13.427', 89832, true, 0.6835877, 97739, '13:44:58', '0pXKwaO Z+@t/wab0m5B', 902438220, 'WlMMmbm?Z55VS9k{[3+h{Q{ysEU$>atsA}(4JKyw=$` ]bPC`iyY+gb[P"nRDAw["y>A~EYz6BkD+aaSH6+yf@4iZLzu(p7M}bRW+ZS#{Cde~bzn7WB$py7(*Yzt"W/S*qihcR@7``@A%t2y,NK]x(', false, 'K:?ddhW89Kds:JTGouh`<KJn-~Dn)QFOfoRQ)yX/Ss<r7C&vfZaMu%?%kBWR{0UWsI2vLVx ?zGKX_^|:NbQS#eE<Q', 2839547265113557057, '1970-01-21 10:53:40.921', -18490, 0.2521032, 0.5355426, 29911, '6194-01-11', 0.22728166, 50571),
(-591746454, '9t`;h*>C PVk|wqA~5B)', '21:50:37', 'i+u6b&]:+|c#.;NMd W4T%:tG35d&Hxr2"lw|FjLpR4`ex0;3Jx-^r(m77?:W4-;K7)/_jR~?T=O8q7wW34,%.;Ov^', 5419793529541954427, '6db9]}p@aBfHuj0B<x#bJ6<}_4o$!j$t($J`Dl`N_$r39D{CKPG`V3($[mKO!:cz99%3?hcTP8=/APr|SAAGTyBjl31Y&,]W0&/Rgaq+(ec0Jbe`N %fQ; 3RKte 8Y._(sJ~12ZLY=svG~<2<N]7E', '5340-09-07', 14285, 0.26108283, 0.6087315, '1970-01-03 02:42:12.152', 15167, true, 0.89961195, 50965, '09:52:50', '#fzDtm`A@hBg@Ch&?&z,', -1695523629, 'N:B`K#M[C{ygFrdgE)bU#0+^TvV5!~eb{HHCea6*N%!"JV[UV*u5 96u>f2|V"b+_b1~bqA4~6]|s^?zZ,[nGIVC6X`d.%2*Ba;*wVMqwHYyRDq6C%$Dl?t_T.j.N%(kj}-^}DK4xY+z.~js{%G.~2', true, 'bJU[tYlbbA/l"B$K-Bk+xPa~S`P^1.2^U[#)rzHl,2UnVkoLr}v$>Ab;y8`rUTv##Fbvn}m_g/Zc++m"b70$]U=_c^', -5850201112982659334, '1970-01-02 12:04:32.239', -21225, 0.6052418, 0.81055206, 54407, '3644-06-25', 0.5611361, 47382),
(40795930, 'I#;sZ*EY6q=qwH-(},,,', '06:45:57', 'Rc@V]ZWF0UVib^RURr*o}j83hjf[mYP-?rR|rinciyKbz3s[z99A<j>K!{{-=1b?zzCB_WTR0cOH"bJSp4c%c5764+', 323014569543959762, '6^-:G4~Qf/6bR*cB`X.sOC33HN#w$CNYqZ&wp&ev8rOi-{l,.rD#Qz6kPb`Gc4KM">N}?nx_}#(tz=mt/[4"!z~v",8,P.t~_~k0C=E]u0Pya$h`o+|6SH`5Ni R]b-fzfLURCz+&a%XFmjb*R|-"-', '7903-03-06', 372, 0.5999293, 0.60414344, '1970-01-13 17:43:41.782', 14896, false, 0.8703654, 33166, '05:39:39', 'h4!:w;"W-&:jcdP9$cv_', 1165454904, '2]aC(fggx%e1O0B5R;*.1#ER~2SRQXZ!0^bwK<0Xw44 $t{4Hy%^qO?Ifn=3N@-]4b!=dt[BoN~8^0.~?+[o CeXnC.^S<MK;C)Q6`njDqs>@e)~EqO_s+)j|Wb+w Mx|s7AQ1GQtNZ,ohzbk% ~b"', true, '2HI/WCv5.4Cu~$Jw#SbP3^t&4QBKhJz6x/&Y|@MyFSA-+8s#2Cp@evLCV;!@j.`-.R~dGW"?mik5$T_<bQW>bC?bWu', -3031495628690302915, '1970-01-04 03:27:54.055', 32205, 0.27616686, 0.035360694, 28529, '3578-09-01', 0.27271464, 80999),
(-31122502, 'JVWE1/_cie&v#{U3k|*a', '02:10:26', ';I*Ub)T]|!TNgTOa:BG ltUZ;`8Ui 2Q|$^DfBgSn+7wt#S|(D8AaZ1A8!M6~*,q;T7T)ZE@w.8u&^IZueYbp{IK5J', -8210453452161017857, '#a.FG`n~q`RSJpCv,8j/:?/*[UO OfXgPi%(,EEK >/bX&@7#b_ZpCHa`&O:)JVl`)y+xdm<tMF-?t>2Q%0hypj:$EO^&+)*9cvv3Xj =6DedNt VU?goi(Gj!n`tv-zJRgE5v{ZX&#*SXG{aIx_}_', '6787-12-05', -793, 0.7629023, 0.17914134, '1970-01-11 05:28:29.747', 18497, true, 0.7888924, 54044, '12:22:04', 'PHwPab@^q`:t-HPg4bm*', -1276584401, 'Ti(<bz"a)9Ld:n9vu),1W4B ,.]-w^q*EH6_#:o7y9YCXF@qR7kDQXE7U<M>rRfG(l?k`WqbTHyWCmM4+`HCVb-$:io;~`Q-:%_aiR;d}Q^Z5YG_nX":/m(~xX=]q;HKJQ@GK}E7I{*Yt"[@oj,99_', true, '&%z9^1HY$?z4_y;>^b[9cxXmDlj2VUeJa{s}n&>i|aw[tIKv#ar_%c1D[f5%Q_!JL4-}1M7{pJ-gJNp;3nJ6.;`pmG', 2428843824337638667, '1970-01-09 03:12:13.153', -16976, 0.03306991, 0.083746016, 99038, '3842-12-30', 0.8165285, 68319),
(-1414215510, '3O=0|6Mb76w@LZv+<Kp$', '12:09:22', 'tx"a}Wu=z0-Z#U8l@<f~|fL+hm_P-{&-7Bt(=XJDWZhBm&;*n2_+&<d<Q/J7/C:*?I/GIXV%},%e1[g-#VnL{t2_}8', 4962140181183431663, '=|eozB}u62^<c;yRvKJ$:p"jDt-iz;+x7>qZt/I`iP9j;Jhe`f^;.GVpvm;DAdunwt RA_3))7,8zx:7auvalT%@Q6g"Qn3ma7GCez$T2;:4N{YAG}!Qv[5IpMCVPAa&0moB@,B.`zd83lf}x8U7i^', '5312-09-27', -19700, 0.2584517, 0.8328136, '1970-01-11 22:41:44.746', 75120, true, 0.9347287, 57768, '11:36:22', 'v?8(J;a7t$3wM9u*!Z_z', 295938433, 'RRR|Fa~U.MPH/3@CJRD3]wZ=z_c(o3V-A9_#D9:nkE:{Rb"C=~wZu9R>A=s;A7SXZX<y^aIl^gX}Q.K}M>}C&=vN{!(UWOqg=h.{6;>,zdP/p/8;B/ity1l~|4L6;kA!68/adukH?[)o,[GFf6+VRd', false, 'O 0X[a5s}no3#uD@/a$~/{qD&e`6G5}$g1o*9=azo34c14<{J>f<z.@]tB)/{KLNb`z!dnqQ@}h1vDP!#O;mGE;a)?', 8893093484822039725, '1970-01-03 03:22:27.634', -12463, 0.16213387, 0.015203536, 84250, '2397-03-20', 0.061884943, 15042),
(1986167782, '.aab+a<5Rnr,xCF#E`Ha', '02:34:53', 'BJ-iJg;`U$ieO,O7ma{78z#zEmx62?WQbd_cR]$}`/q(dAbQF}Ws(R$uAv.jE eS#yr+w9uiak#`JUu:#b$N=pbkVd', -918376526655208980, 'RXGDba7#7Ov+[$%ZS>7Id7R.]faxF$]!&3:#|95!PwrfRNR<A&fb>e8;cCQmzI;QA6SX:LB0AKG364UT]/HWNG3ZdNjjw/]i0!uuC$0D:bv%N}_ZPMay_wSpTyO|=gi&xj8eq)94e<>EI%@.iaL#$i', '4952-02-06', 1511, 0.33292878, 0.4603697, '1970-01-03 19:05:23.179', 79350, false, 0.36756545, 98667, '18:59:19', 'rfXs!~,A39XjihGd[5[;', 1678427588, '[hHY#;Ua52usds5 FB J2VhY{Y*O>G?x;HSMGTdbEMLIJ3"OK@;DM{(feW])d9x-`[OK!Npw<DC@G_*3w+pAu|1,5(pEa{:e@AHhswJ(W/,-M_;{`!cRru!^6qAf8)z]Y>ab|%gnFj>q|z*k6_a:"|', false, 'oc*4!3P/`&N=wN0(805GN+2DU6Byb{30tYLbajuZ:n#g|TW-Z%FQx$Z/WdknN(/+i.U)|eEqfvuF^21`k*"; 0o<EL', 2456405363518407055, '1970-01-08 22:37:53.27', -24563, 0.42025518, 0.34076595, 35145, '3084-10-04', 0.13739087, 12401),
(198854956, ')Dd&drj]!oam O=-dd|l', '07:38:28', 'g>:lR_$^VN/|QSV.?2N{)5d]S`)Z he$7.)Z@2b+[?UYI",L^BsH|J=PMGbgvU0-r&Ds$:[rJ3hJ_H2S#aW1P-;2Gi', -167615865886863538, 'Z~| QbvZu5;f:?=iZ/1v!OYbj$n9gqfrRN){5MDeoBfG2}=-|E.@i_;CyE/Y4p6:a)2@$8teOB2Zc;+L~R1!rbB*c^PR] t?>{f,YFgdu+6@N?Pqv=})U9 ^4i!cK@y]2^U#$UCp3j<Tb`EGbO!V,G', '6449-11-29', 10382, 0.49731624, 0.45793676, '1970-01-15 03:25:13.134', 21354, true, 0.526746, 95524, '02:26:17', 'M6h6D)khXswun`rViBZ ', -999757971, '7d14JthVerOy>W/0&va?aBal:L00;1rc9nA@J+l*oZib^d4T<v7<j&;{4^@~LiJT_;MvAsIo)#c7 77b/tPBE!A"F?UNygg#J$a]#4Bfk}[SVU_t3"HegQNy#"[g~%dUHSlO5&34h :IzGPwROP}LT', false, '1V!%$Z+|_en($ZR*a7/Wj0+0hY0 ua#Bt0hH:/BAaf$*ytC/ d.{H(k!xjao|Q+56vD)L{;!a S30re:+.?~LC{:i9', 7678001789434816735, '1970-01-08 14:06:49.219', -12811, 0.59447026, 0.11067456, 5666, '6479-01-30', 0.5858293, 94566),
(270674658, 'SOZMW7L6=!}/><;JI)By', '05:53:49', ' *r^c];u{(U_2ZWRus8}b{O?wz"w6Vr5)^VL;+wkIZbiFUiQ=-Imsp7(bgQnFzS=+jZWdnKAK7"LO(b!dVHJqT$1nZ', -3150679988828506003, ']( $Yi!aZWyU0Ji9rub(nhQ0X^j&[ho%alz{|UVdmjqwUj."de-nE}+;J[i[1tlS*geGPoKbo0_<j:XUm]tL-u#>3h0Z`q@dMRV-q{xsT|:efd1SU!| 9pyUMX0z*k,/(>j"R8md`B!3b&A.f*&w^u', '4958-06-29', 31948, 0.24490023, 0.9691693, '1970-01-04 20:27:07.123', 89845, false, 0.65800816, 71101, '04:20:38', '2;z2@r?wf`xbaIpNEp.}', 211277459, 'a^]jL]iM#j$?=])NO_xREiK?I;#|ykHx6sZY50hE6Z*&17d1y_43!l@!W~w&b_Z7:f]#Y![l#5|md%V9+$1th4i<(-4@FZQ=4~/_h3CclH0jnZ^ O[IV+D+C;ViQgOskj+]X|Z3] a$!d 6tnjaa"{', false, 'laTvwE]j!+ Xy_q2U(u0/umoa7DN&>,VTPRi8=-nea.)P?>}s@.a5urM !m/bFtzVOHt1W^Ru[CXi)%aWM3 wd^$bJ', -2897419441727105026, '1970-01-19 22:45:29.57', -6609, 0.62486583, 0.55305266, 94489, '9850-09-25', 0.8569461, 57820),
(-752099005, '`@;C2,>b0Wp PU%b~5.;', '10:56:45', '^Q@:*&xlwwOn^6qc?ri;n|tb"3xVmqqksVNbU:NgQ(?2W{vwFMwtiDF.DWYMdO@rxPZ0oro0^jWG$PrJ**E^"HUWX[', 3637337196949418752, 'LjP2jjT,F("NSb4Y|b5f/uZMo(==fX07,+I`F#BF+32X .;M[6exq#8S;3C.+O6Y)ee:HN>k$lwtbI7=&&Twp8=5k,(jcc~{jm=QbE?+= 6DvCC=WQ^CPlJa`DL(>ma:FZ|tZ|)R}<Ux"#65.O#s`L', '6018-07-26', 484, 0.90314895, 0.7536609, '1970-01-19 20:27:40.194', 6748, false, 0.34396926, 3964, '00:01:54', 'NVNs>G;jyuzu*&W"X=j;', 1810508310, 'd2Z9e@/`t#.VPcn]mgmJFZs65mPfb[akWQZEwaj3Er.[a*ac*&<{Dl]qVcS#Sb3O-%]b^kH9xQ/a.ny"uSXV0kYf"0nwxDXXpK wo*~brB">F1h9)(ui}!n#NZiyoKGCyTDj&fNXib/5V [XbC3HF~', true, '~_C8/jIFV5)}6vxs",MN{R&tpu5GIUz&x?W~Z}aa_oh K;MJlk{T3%tHg>BI3rH~GWA5]v=/aIN*UPc"gJ=L+A>t9u', -7137563671122275645, '1970-01-21 16:19:41.721', 16913, 0.17965275, 0.17268914, 49837, '3402-02-01', 0.90740895, 2143),
(284343095, 'F_Q<B>om8(;9X-g8}fk5', '11:57:10', '%=IE9&kc1bjo+ ;~[Ge>TO#2T+NOlNiB.yFAROaBiiU>yF&co!QTBymzz59WSK5@rXH7xF-52&$uhJo,^of5}q!jwc', -6427766417171158300, 'l+7e-G)0i%w3(W<TgEJxt/L8Hw}u~!bvPj;%~-0;:$7IRv-O`=G=yjgQ $u92Dhu~d[$Rr+[sIJ`L_)+7!2a5@^Khz[[.!a&mb72K43b4e1c0nGn)hut=3g[4vhI!M9%bvO$8&({=sx=6:}.ZotdAC', '2812-01-23', -23863, 0.23349547, 0.5567304, '1970-01-21 10:26:05.998', 72368, true, 0.6491903, 77327, '18:33:29', ']b!:-]?3?M?NKak6JPDX', 1453108697, '"oqw0v9=Ia4jNzh@ P"jxp#1"zkgw0EbFfY_%ne3(m1d%VOQ^78L@^=Q105^-%w$F>>BM$gvhB3huD-5bODd4Hplc:cv,_;~x0nb*ha&{Li0NmtFVP5^buH_oLL:J%"D&uj7[*:H,?buJ`k!rG+rdt', false, '):A&t3!}Qra={.g1LT$,~laJC9)ZgA&ol8>`>:ntKRM{0MAfb: hAc J)*8~okFq=E*@U;1S:snaKd8Lr"J?RH-q<Z', 2308923310030948490, '1970-01-13 15:13:13.581', -16834, 0.707167, 0.09422475, 31553, '8921-06-17', 0.30196375, 96623),
(-750190246, '[h2@?%eaL;P!I_%643zt', '06:39:40', 'SC|;cOG4bi^F";G(l`s~tOf&t4ne5f;O^p.0d-`Og0uCv`[N`(ZRfjN8?I."u=Y/UE6QgaU3j5T=v]G^7M]b.qS{hr', 1962521153954056616, 'qyp9*VmX]5ZB#$Y31"6cbG3J}3S=V[Nx6(nau(Zb|f~Rw$VXNwxAank;D$7Yl$ jirLd</p}]%%p8B|kLpb+^i.Ku0Tj$_n|l4tfqt}!U+dR1cz*l5-.(6RTWHM6L O!R/$FIsox4(jauU"gheKgZd', '5057-09-25', 5605, 0.099698365, 0.61105174, '1970-01-21 20:39:06.101', 7229, true, 0.62095726, 41385, '16:45:23', '11P6-T&5Oh{:@O"qs(XX', 796771217, 'vP2bQG(*?FT[Y=b?%7t,VG<xK+E)l`7Mgo6}}!6VmITVJN;c@uCr&Ub0Z.HO2oN6vS-MIrA;D;t-6L_]>u_>A&[*g8.^ebX<`O<b+[oe]C2eTe2PFR9=P_r#)^urP!y1lCd;!]HL8k:c6jG5(I4YwV', false, '/1SMTqjX]X|V41q7* |tuGmO{.=b5H{](k#@^-gc~EG`t=SuVw7lQZDzQ3aLdDZ%w*5IB0nf;/cRrJNO@hec0XxoZS', -8531321717620655023, '1970-01-23 20:21:28.243', 10182, 0.24120754, 0.70086855, 41655, '6635-02-21', 0.5702278, 24693),
(-50292473, 'nmc#j)`e8lp](lk.a9Du', '08:13:10', ' qYS:5"}CDpsyih|0b)Bu?-V!t~}64w<0jXgNpjGao(%W9MDSfc$`|1f@4B>Z~f(aU9Uc`Rn"9h>Cl[df*_1Iu/@vQ', 4806990845887722030, ' c<.evlj5WZ($UKhT1k%a33a72bn#].L;u5!IdlzlK=+=2i&-s%[Y{rF&5vr*z5j{gv4)tm!4v#,?k{$TTDMoIX|vf3,7a7]2}YtDJ}&w">yk%&A_uUKJ3& N#[oQg}K65,f/~<o4-[qLH?*0$!oiM', '1994-02-22', 31861, 0.5015987, 0.51942754, '1970-01-14 14:04:52.831', 67657, false, 0.9198692, 84504, '05:22:56', 'K%F%^;hWXU/34Ij-}4vu', -1905973244, '8Bzuq*G]Q5Wk=Umw43^#$SA:-L1|gAc^QfqPMHSff2DtdGy4{E< M/0[b-PQ3=eb_F?@/9Mg)aOJ<rpi=4d|eE/G,L$f6s(h$m2;b;9M+/"OG0siJ{l>; V"<b!Q{7{z*}T)rpaBCC!vrk!;!;)ZJc', true, '=O2tzaZ/,-kQ$0h^fx%LFp-{kX;4D7=LLwdsHlaW}_}ZZ#xb<VBMH d.T;as=Uve%3P-.)/FDUk>1Fu8^1E=:b$-,1', -4821099143319516518, '1970-01-08 02:46:36.189', -11873, 0.35186023, 0.74976367, 76990, '3955-11-30', 0.48786372, 68024),
(71745383, 'FfcB"iYnJ>bS$SkX/>63', '01:30:17', '9hPC|3N[RMP7_az7nvlg[mM^+FDx_>S-bkM(t,xJ4fS`Fl^a4^cK3*zOM<VTej#s%~qis-PDkt2eAhuk`M3.WD%UXz', -5043882771192341415, '7~%AQ#).mTFrWq_l)2(_0;Gpbof5Y+X8<mFZ>Z)ecEtTk@{_71r)ErPiE:i@fFKj,9$_7_9#,){2a4b9wOKFl}.HD&D;5x>a9cZfc8E<G+_C 1O^I#k=rM(jc>{+:Mb7>7Cw<:=3 m"8?U]V`r6Rl8', '3810-05-26', 3965, 0.11120236, 0.2116583, '1970-01-22 12:19:11.658', 19455, false, 0.27411348, 79984, '20:51:28', '|0XvAU7bdNFY*L%OmkGA', 1390219026, 'auhl$H+W>Do.vx6}#Hd*PFh.0jnP;$b{YNs#aHD?>Ojr ]>8)Bu4MCgPvOaTxnP#a|a)k>2I{/5<a &}o8kGA3uqauOys*Uj*eP=x&@kCakI-#D1{)w;92NZ>0f{CCWAafhnmk3bpg"P&Em5fN iL|', false, 'DC`k)wxUQ4<ZE5:tel5}t&kJ2+[WRN.)2VFQKnS?3df{lTbQ6^FYRF(5,rZf"M:VhQ,vo}}FNh:kbuSI_Ok!"Cun0-', 4834533668573356342, '1970-01-04 20:07:42.879', -17227, 0.09282112, 0.4811352, 20435, '9722-08-10', 0.0381874, 72194),
(-645540069, '>!&U6|Pb.?Vv*(ldlwDf', '19:50:35', 'CW$MtVF4K /zYt-5=SCWR~3[}rE^bpE^T#1v?`27pu[`X&(qc^M+hjl_@s~R(UQNox[%bVUqg!:]m]4]A)X9u;b-}X', -11165909892091718, '?<x*,b AW!Vv,@ssgwDCeO+kdhrs y4:7)@{.c`I[d[m_m^]ZRMW?/``*Zi_2]>aehu<H$3"/BEcvUQ>mnLvyQ>OCy8: 9LJ.Y6NtW*;T>8$uHLe<SvbMFu82X]O5P+}I<c=LMa}9;30&.w0RvkQ*P', '9455-05-01', 15, 0.09323388, 0.8297227, '1970-01-14 16:30:47.156', 52380, false, 0.57081103, 45178, '21:06:12', ':b`#&<bK-dib~nzG5v=Y', -1136026089, 'b?f;~:lWW|<Bv d,1p*AtX`s"tu~C?bL]b,Gb7wV9::gtL%7b()Vvb92h-gH0p$@VMw2:v7J guClG&Hg:aeAbJiw)EO]mN/E_8U$A%J;&qp!J~g]Pfv>iikp wUddX^:+lE1xMizNrzqBJ(PTS7MK', false, '4?``*?qQ*O^laYpv(%+xyD$pWCRGRSNx5uq0)ZEJR?ba_eC~]zfrV#~h5gkMiI$}jVpu(Yl*]"pI]+jt+JG?osMByE', -5106318218660573338, '1970-01-12 03:13:33.813', -20336, 0.043411374, 0.14992058, 28813, '2322-11-29', 0.5157762, 70008),
(1211523588, 'n{{!WX^Zv!Xb@vSN0T{]', '15:46:14', 'C#K|4l=.xab.Lh|zO;yF=3y+g*pvO.O)>5&`*Qzg`6WQ1,Z{>tA1C2cwAu(| 7^IXT.z<q&=K@4& i@"]qF{])xg]|', 6354468284228035716, 'w0wh_q~3BpfrWear,`af{t.pOUfTiL}PQnt<fm*N0"Q+IMDkZb:JdGZ`^l!i V~2`ran?ka=%^m~-8c+&HcT?Fb]8X(dxa-+r^ P!F#"?+RD(%(F-BgqOPG;srGA3(G)rW"6b8n.*/a6_VU:T8(ZZ_', '2529-03-03', 16393, 0.90816796, 0.4781546, '1970-01-02 15:14:30.412', 38752, false, 0.7962818, 29692, '23:35:56', '!(T_)(4*DXa~aOspMx_L', 2113214411, 'a3@"AwjtG<if>$ED~:?86Act1,)!<KO+&eV!g<5<n^nJ-5]6!!G7~:Q+UdVTWmSh1p./E*Q1qb@JWodI:=b2R2fiL|~/&AVOA:_/":){vMZv4na](K4i3C{8?qpJj- CSlmw>b[{OVaamEx>L|(vi)', true, 'Vv!<q`>"R:YZC3lob_{*=`)b>bJm@  `$j:gX/aSUaIP`VrLR1;}-Egh-5ZatdX2b^!dR4s=3K#IwI($N2(vQ[HhiJ', -3963393702737386501, '1970-01-25 21:13:43.218', -3099, 0.8690575, 0.2915007, 48016, '2550-06-14', 0.6258382, 47370),
(-1953318645, 'K}>W4vveU$[ZA(0{(imx', '14:28:05', 'w*3rDJW#J5f|Ua729]s)}rE>?gCR[Q4!xCy4xuqob?kC+-uj4fkf(&M/RRs%H-cu/{CV<)]RE=j2Ldc?Gqs;GFnR7M', -4541363886792071559, 'K1&,<^U5Chn4^~LZ65n2<;C`z[M7]IB_d>z^CfVN]v~:&2^u+OE(PdsAtG}^3,yFB>Pa5$RXbE/vgi{nc4pj|O ~ug/TxJ6SD<ac2o[N?Qro7Q*D/O} f9oToSD4X;JAcZ92aRF"z,w+37n@DLigKt', '2552-10-18', -29293, 0.45734268, 0.8974384, '1970-01-07 16:16:45.029', 23649, true, 0.18811546, 3188, '05:19:32', 'n9|azvK4s&>OkQc%9~2e', -538106709, '~;xtpw-D*v0]JI4zLFun1>npe)){:XD[?!m6;[?$!l*`Kdaj)0)u04 A~c)y1?RS!.iQbKYb|je;`d1,{Q=FU[TIm[xb2 M*!tra,j#4V z"$,oLTi+E},zmMU0r,jN%[r&1`J4T:ba.6*QDrVg-zE', true, 'n",2v21t.:1YRTOwZ,f7b:51i!HZvhL89OQmtr:7t6CqI?Ck/{ZaEryK2 4:-"1b"`>sW=R6a&`yNtE:6KG,OP~}^T', -3855172247181211089, '1970-01-16 03:26:55.666', 14036, 0.09178245, 0.7196748, 59211, '9970-03-20', 0.51114464, 33533),
(-443995915, '|rPQaP5*?ch a0d~vDO-', '08:26:34', 'eq0;Q|8xaFM6XDt8#EpK(fST-zNO~E<QKS2V+Q/}yx/Guk:#yd|b^&tL48NZC|M-#H09uf}Cz;~%a"UbE#$Hq_b6f2', 7086149852560020928, '}mCf/btbHf=Z?S]4gzeb^wO%UpJ8"bBGaLU{21$^6_7:^c$,!S[9bM#f?SJNzpLKTqb0>A2c5vvYzQmK=quzU{9~P6;"Wbh8Hm_CDPx5~}eNXFbMi%D bC>lMn;*p}~#ZfyO=:=%$rx42_h/(6U-2%', '5821-04-30', -13443, 0.13357806, 0.76550287, '1970-01-09 10:48:12.279', 56140, false, 0.48696893, 77979, '09:07:28', '.?{BsWo2yJQ*L9a="x,u', 1120116536, '+gm>!K{fU>h;jbDg.ouW=%F=-vN$%_;3kpmkpsg?-U"Z7`JH5Tk]H}cy^nX6Qf&>qW^Ii/K"`Jfu2*^h`)k0*?Qg(X}maa4^x2(1<]5Y0@Hh%+hzJ%?ouq,Q2[-HH)uSyTS@5hr$8$lc<aIgg"5U1Y', true, '"6Q~xW8IBE~{0,Q,}sM:G"yZfBw-jB-B!}|{`SkvMz5WM=|--b}5aH3<TmuUHFA~i:v5&QTYd6wu3~EFi<_3-;5woM', -960446405935730957, '1970-01-02 01:08:45.526', -23279, 0.35190952, 0.43240744, 38281, '4769-01-06', 0.2943175, 7594),
(-328171208, '(t(;mQgc=/Eh;tV+q*Px', '01:51:47', ' 5}=TDB5/v2Q|Da:c=%r!|e4a35E$^lT#I87|9@B>Q[4<5;VV|N04}E`sPBh+E}1WztAe9cQHfZ}>xa!Z1B#7s2h`I', 295594185014236552, 'QY!.i<*WZ-`?aU9I$+R}-q*d~0d%=S3<?EH;)9|"WTH;b]1v&=RR&_(J8bnkPD{aSU;"&Nkpd=4$5ltn+;xSKMV-FpOe1L[<BU9(W+Jz3=;O(H*+YG~^9#;1pKK]~db2~o^Uj/flio$<~-*zJmr z ', '4926-11-29', 31448, 0.5189025, 0.8393386, '1970-01-09 10:18:01.256', 91844, true, 0.5397022, 26323, '10:50:03', 'y^9^FvXGLWBGrA]4U=]w', -697217405, '+V!5zIF4z~O{zl21}k,.&ZYEJ+G]4HD9l(3)n*QZXH"MIV/4l+4`oN>m&E;.)?I[sg(IU"Zgf[gYWCc;Vw4>,wAP<>Ete,0Wz3|]%(#S6H^}MeBc.BU/>v|jB+5bt><b,TRiA7o_>Zuy0:J5r [O;z', false, 'Q(p@(c?(B[f(0v2u[Y./6mfjVo,vL/zH7>}!9K""jrtSI1&-TxN$3>/o#wI{B-jbP9X:Fp3xrF6gE-/cakAKR|rje=', 228926058268152760, '1970-01-15 07:46:51.306', -26572, 0.17443943, 0.11707896, 16880, '5432-10-10', 0.15999913, 87503),
(39913833, '9{<,z{+hRMU5P`a) ~yB', '23:20:55', 'Eq;^t|B%N/ZJq/o}H%#nS>f,7Rc4a~b-&nT?!0h~f.dq^jea>[YV}VzYZg}[$_x?vhB:d5<qTzq_v6u=:^$V3rBB:a', 8090143734955083682, '_PKX}jgv,;1c2?fu7pC*585i}MbhPpqYpg~;DU]xWs|H}`RwBl7#.]UHQXUIiO~ezM1 (_L/~Popw4aZk|@a0@$us9:.J"*aJ&76#mkv8Dq:S2@{1:F_PmzZ"?EY{:*?,k"V5$(ip9v,-T/h(]vG@k', '4249-07-04', -5250, 0.09007627, 0.12584132, '1970-01-22 14:16:41.123', 46717, true, 0.50058275, 79511, '17:00:54', 'Xg~YwM J,G?QX35S.#Ec', -1155939618, 'G|KFmlx2#X}80eI`Vw>iczH[1k!>fv!$3PeZe"m>mfkPu]GJ$a|{Oeoql&_4`*w6p!Db?Kfe_OkVhM?o"<UQ0Q@9Q%CJEh]aN=ac)A9.G=#8rfaoX6~e%=~QA=rO%v*5O%).Q/=lnEOX*l2~-v}hJQ', false, '&vbsh->d,+-|`%(@lW}wF%FuEsRDxU%wXpo,zK!e+5|fFVJzo)U>+rJzcA6Gq+6lgk9Y^gdB ,*X9rE@@^dbm#xZr}', -7794921591683934200, '1970-01-14 12:35:07.878', -32501, 0.7239528, 0.4137621, 67553, '4900-03-28', 0.3128056, 69100),
(634303999, NULL, '19:12:52', 'jcrY26,K9mUacs<a]@aT;-1w!*|Lok&XSX329V8&`5@w@Id-vFaT$$,:RwVf"]!q;Gl_D6zMpvgrQGts*D9W.>klnd', -596575322446168275, 'A-|iF::%-)aIl* ZE -q*V$jJ!w!d~k!/4zH7ag5J&OX:o*wYMM%C<Zo(n]bRW"p%n@yUFUWi{h> &[s]k0ZQuqVbr<NjLn^#T/+>Q>MP!EvE^x~)3~2G>W`D3E]<>L,qz|FoJC<Q=Vdddj!l<@<#)', '7115-09-25', 9023, 0.5750291, 0.9675321, '1970-01-05 02:59:01.348', 22335, false, 0.028129809, NULL, NULL, 'IJ|U~$:euM"cIw: NHRI', 1663822427, '.V|LJ.*5r.7<*(."Q|t^alYj(1{*a7HghB7H)M9"A*bR{89(>{dAzG,o-aO&&s&M<}}o7X@^9813`d>Lq[%YPfF=o5?}+s5DJr^t0ddn6{`,.zvS$?qfH~NvXsa6U<+9+nKzhtL7Gx;?Y~xzQk}$ZF', true, 'Y7?f$UMqq|a96&b.C erFey0YD*q9k]HjA?"%1>K*1-oc$1+Sc.U}bQEN,2]X!8acodr/*%2a-6|(r3)S2StHkVI} ', NULL, '1970-01-23 08:06:27.115', -27415, NULL, 0.68528783, 42108, '6305-03-26', 0.97984153, 42196),
(329420547, '2/N<y:@eT5p?:Pb{Jq"v', '12:04:17', 'pIBg|,.(!U+[VR&~[3/MOezu_#7P2KG/Jz>sk_]tr8{?!P%t<%^R|ApqW:O_RHFW=XbNL)uI(soYt+VR{ra|;XN?hW', 577416138787641267, '%8@U(F/K*spV9]653~e0Px$<#Yn{#G2bWe?9y!Jy;%Z~/3rFM/rgE5a=qTTzsZ0at~<pRpQ,#fu<DLibXm.GdRbaBc45e}{;(3%0(2(p6`(06jh%S5hF??IM@D^^x?Zaiad Y[m_a=dJ*i_8R)lvBb', '4620-08-22', -4083, 0.20258689, 0.21622151, '1970-01-17 23:41:22.846', 18190, true, 0.74475676, 38121, '15:07:57', 'tj_*_::ymZqBAP#X0fyy', 1607955757, '6KL|_byq-iz{y`G"~@qJaC9A|"-HRD`/LsUT;sjreF@_K;afis]M3v>;I8D9b>#F|+tTnL(^D(PiGg g(Ootr0X^whnFQF_$noqz)h(bcFSr_7-yUpA0I2-jF43Z4-Zc}+y7_L{I:wThbz#0CgIG%1', true, 'HvabRjY fgAma6iahp,B]}53Q%g>B"yTY2&/cupp;4?)^.n9^R?*U/`>akgUQ8<p*elCbeUB%Ee@.a~&]aQ <VmA<|', -3509661038184705786, '1970-01-15 01:02:59.401', 8960, 0.7310398, 0.8413972, 83295, '2139-01-01', 0.828468, 80686),
(1659614225, 't`8E3QVinx#4_%fyi^br', '11:33:17', '/5l_dBHyW&ayO7].;|NcihmDA^%7+5/j=f9"|]AC0/AmR&-y(DR7[q"[%Nj<k/9yoKs&hVaW[o>m[B&X<)>Cv;ky0$', 2121077824862506668, 'usOHVP=Z>* .q$C0nr}4;Y(LDsL98/rM""&b87A9XL>tDQ=*[P&,pItZ5hzPx~9bDhbx0^Wbn(DiOZ"nv8aes2y@Mz~hai& /Sm- U@j>vA4mf4{#,>LPQJi.1i=x$/.e5DGkj#9g19cEb=Zgza]II', '4989-11-04', 19100, 0.5048246, 0.20894039, '1970-01-25 06:12:47.0', 44132, false, 0.566092, 80455, '20:53:18', '.cl|s>N]^n6tahTj6gWJ', 1186378196, '<#HIP7KY@>@.<7n)KjRxqzi>)d@l1oU3#ERpc0a8-82Nd,]WkLVK,0R3FY8NzkO8S}G,,Yi6F^WNWRrZ7vi_F7oi> FJprx?`} j%O8tPbX(xV&a0Z_]~- AF=JBKPF@#lA@P?0lVru69W#E+uk2K|', false, 'EIE*Muk5Ib/N-:Z]8H`=={&($f(xb=oTON#s:}#,<YR.HF:W4uh2|J)=A(^<Obz|]P(*/K@$Sk]UlaTn@4>$s1+Sro', -4897915045134250213, '1970-01-08 11:13:30.478', -28083, 0.7595919, 0.31236804, 75175, '5530-05-01', 0.19080858, 61267),
(-1902302762, '-5hKDyUom5,S) ["8]Au', '18:38:43', 'A(OA<my[_lHVV?ClYrgw4Por wug/+  TYX8[=bX"ikg7o;b+[l*g> SCKae_ Pp H|:iiBkEtozawJ]Y&5iS0l^0%', -7001602114875570779, '4u~TSeuSpi_uOvA3{&-s>R0k Qu2!AwE:GN7m^,Y64h0ZiU{S2&<CdXuNh+T3bD2Jd;aB@fuaz#Zc(Ke=9?{ FgR?mt/#@w<?!^ZZ,BV&GN aTK+{NPrF|6D$0l%7_V*bA*OU<s3WWAqIs gs!4bDz', '3488-07-12', -28358, 0.36662632, 0.89577013, '1970-01-22 04:03:45.022', 35298, true, 0.6142235, 96854, '02:13:44', 'kxAe;jz@BD1%ExaNs0x[', 1167205810, '1:)-6pa(q-uA%L(bcPhE<#.IK?*Th)q>`}{VbX$+?/ wrYCb}W@v#t&b3$,r50qEXaPx;:SJkHH]4(+eL^G_}xGv>t,P>6v2yo#0lgz1Q1:uFEzdq14Z(RZVQT @"qydapbO[MK4D%TUR+rS3SB[sf', true, 'GatRc$0~Ui ,hCe;4]kR,4SG,9z3%cV9%R`U[j"Je,%RlB=<m3gl>?t{u<P72sVHxXh|yL*7O-qst>5lVl#,a:BuWp', 6628765083873651485, '1970-01-15 14:05:41.633', 4533, 0.63450205, 0.6295958, 66837, '2590-03-14', 0.028414782, 12840),
(2023375201, 'UK*W.v.O{H>3[U)#JfFN', '17:52:34', 'm7+MRZ:EBirM;`lh)-%|v]n{$&j[ibi6g{aVc; ,@:a_yV^u>YQfHZk)SCrIMGQ:}KMgn3AOEllsX,Hb7$S3P3%h>(', -7509519342984237218, 'H$Xq jH:p{bhD^jD0sCbT5K?&$o,JvW#-Js`-hlEdp1/!a}4rSEAaqBORY0PCQUU2F-bPBP=}" LGc?8$1{@vSM]c^VN=Y/;[Qq0_a9j 7?T|K6cuK*Tp@u#VzbfLZ#d;i]L$>LX7zF|@TDp80vaM}', '2008-04-02', 19823, 0.9225543, 0.91885895, '1970-01-06 05:17:21.43', 37782, false, 0.9938252, 63311, '09:55:11', 'SVDOudhe<!aawD=Y<hy]', -1890482153, 'TsJ)"PW $[Uwc.`{=npT=&u{oie@;UwiahL[Tt_YE:i|b|S/JEhTv%Aw7YXd. Uq6:Ay;BKmCg-No|[jCbasVF|A{WTS6I^O{b3}*7T}!78VWGcK4 b=dW $O"$H4Ijj(b~L?5sG]ZbVAD/D(S="E_', false, '_5,bB8~Q9i!_1D1ta[{ &1=1j?{Obv`Jns|O!ZbpV#?[lt) `fe+QbP_un)}Az17m0q~&2k7=Q%#M~!NJ|-kG!&s2%', 8511532172091812321, '1970-01-20 07:34:18.906', 14060, 0.88757885, 0.6195571, 81399, '8199-08-08', 0.33053055, 8450),
(2141542578, '#mU[HX]< (GtzU6XnX,x', '06:35:42', 'CJ^{D:Lyv5f4^K/%YQFIdX kPN9V8aG/ZCppVnL}{DXz.seWdNG{$.Jbq_`qYO-)1zx@ O*d~}5qde,8^GTJ__`$}u', -5450271075610636019, 'KP6`h9bnJKu: eY#wu-h.aD!*C:+ar|*$wX|i6r!yDBz`2DAe8QXZ8UK=.$sE{4sha0.(Z_F<`#2CR1$V1dv|x!)=8[?T$[gsl<>9l@X3]S_;|PKd|$HtckPKt`4cCkJ_xFeAa^R%faWm5E{bv,&rb', '7010-10-08', 26406, 0.13917917, 0.44707173, '1970-01-14 22:59:58.788', 12924, false, 0.20155522, 25968, '19:20:04', 'g`WqlYmy~N0vUfnk"#2o', 914799972, '^IDV<bzL0/f y9K=uaI9:j?b%mt"L&O2Zc^ -.pfa9$;$w,TzFt?O{pPjR^Qu~b67ygPaTkIUZ17!.?%yOIZXa8M%ef~xMY")aP!~?T:M^5{by.Qd6pqX&J,T_1dyVrVI%NQQ#b32su?olr8Tn_qC;', true, '&OT,;62A-VUu!g5"YJ#|Y] rd2HX1JSD38@^*EyHqy)52kI`Rz:ldij099aSfNfkh.xyb&d_3|.v#!>17X&.pO//|M', 8076122035866893420, '1970-01-17 09:20:18.096', 16242, 0.2610066, 0.12696105, 85649, '8781-09-04', 0.038257748, 46278),
(2066119598, '^h98NaWdj!hX:&J`jv0+', '14:13:35', '*vq%]h&O(o-.+?$7+w6/5k5lWZP^S@9Y)xbrTPa,Ra+|NXBt%$wYm4qiL;{;x|fvFOO3[jt-sBc:}} i7*ih|I!bq_', -5152489658411428724, '6e%F*rgmmWm!@=i,@-x^DbMbYbs~+Zam}sp=*VMb/I:4ggIcR:@+uJ_ B2ha "FuFQtJfb5{%R>pTt<IV&IoZS.&ry=6,y&u@+2|%?=P{s@[]!c&00XkgaZ6{6p4VZmUb~!<@iYe:VY:0nZq|HY$az', '6817-01-09', 24520, 0.026414335, 0.6876048, '1970-01-06 19:33:50.78', 60092, false, 0.83101565, 35880, '07:31:55', '6t*0XCu~SHD7~R&%q-,A', 522074442, 'ql l%F{anN6j%bP"hu@MYA[VA[o29>}bC8/WB[6Jta?_ab+v!q-^vbo7wOR2x[Hm~]Bzokc7B^M1-^D([E`5h#)`IfTg9,+(o=v=_NNzX@e_j(h^[j=$|XRb:K0@F>r,*pkbj_Y uU1l7M0g4lo!{q', false, '2IqRR:7Z^hk(?6$C=Kp(o/r4nG}{92EG9$+3x@sxTsX%][;x#ui].mI.Bxfywg%NAi)HeG+`Mf$6JM8B<ugCB!aL_#', 1270358952698203662, '1970-01-21 21:11:18.222', -7308, 0.81907797, 0.21460879, 39703, '4404-06-23', 0.23687296, 74810),
(-1127469912, 'v*"vq"Vx"&s@m`=C3}T ', '19:31:27', '_E!a2]>2a>x)BlKnX@"tPG_>ve(dvP{=s(Lsrb%9!|][V}pRQqkHb+wMb9O N@nuhuSh0(Cz7@NF%4eR<[!gCTg41%', -1942592673583922837, '-O;rKh81a*s?`OxjWV>7<^*nZ,W4_=rkHH:E/7%W,JpwwE"z#@XxZ))X+Tr5dFXr:{iaY<]NJTD[y*H?d6IBBn,}%NQ}"X_>Sqin54vfg8B.o]AI/f/3 0l3u^uDg{7r}XbviFS|zmDxb%jf6AiNaa', '7847-09-28', -4571, 0.7539217, 0.21463871, '1970-01-14 23:38:10.766', 35114, true, 0.35760453, 45912, '15:38:37', 'aU:t4yZa{v2 ,*?g[;X2', 1871284852, '(%bQ"+"78gEZOa)]L"b>[yGaiH3r:v{,!e3 -GQQ]hkG5_-isOFau^^HH#d+4PPwqd%}!Jzj,6d;tzF m>i* %UhEr:9aBMon+GpWy6IBmTA~;<mTTHi|l*T.G!~GH3+{{]@Uf>Qhi4[L596*2y!*G', false, 'Ufj];!&<w:N4@>Uf/gY*:H"I$fq;P1W%Q3$&sq6HP//55J7`onrZwQIK8Ia5ZE+&8Le#}f[b?U2p{83m5s}af>>r9~', 9087500867520618222, '1970-01-22 21:08:50.451', -25870, 0.54475415, 0.7487588, 15042, '6865-06-04', 0.36775362, 1843),
(-390948481, '|7)E,FbMvFJ:=cf,a8I:', '13:52:30', 'Jl<xX<jC64;|QkbnBbW!|!9Zz(OKH3n_v6k_[GiS|51{a0QJ[OD}@FF5V3_@AS&zdzfJo,pb&5Mxun!y) nW s?IQ}', 4641876824790866972, 'z==}<>Z@*l.*A61S6S(xA$xi0,f`/[v8uFDsfJiJ~Gn{<m;u:_?}O_bb1Qradlo<<5y4S|"<F||.l.P3>bPiY&2 73b$B3 =`StWb|^D~d%vc=^S4AgS9"aIj"#}U-MWbv&>i_p7%;{TMH:X.~P#mf', '3841-07-23', 17077, 0.00870353, 0.5579144, '1970-01-22 21:57:15.408', 29793, false, 0.8478136, 17240, '12:45:19', '+XUvk-8bxS&.8Lgi](?V', 972883007, 'WF`_L5BXC>ow+Gp#+e+,/7"U^dlx.t~Y}N"G9.>.(Q,k/+/0GZSeP0 ;YO]hMR6u}*J{ e:I,jTYvCTp|; tXd,/Saa}HhbA^XYL!#5a6m@rs_ONqu&+H}lJ}3|dtRfvXGFI;MM>$Fab@k_>81aC3a', true, 'a|31~fV7Dqh6^(3>v5;h~BEhB,gV#tAlP8]<Vi:Byak`E1R:l:*/;_Q/:D(6{dO%TdLhQ=q,}LCqYy>s]wQ3#2e|Sa', 3817804709422476033, '1970-01-04 12:01:00.205', -14012, 0.66656196, 0.34369832, 25314, '3358-03-16', 0.818319, 53100),
(1894761277, '<@%_U`{c=0SaD4-GgL~>', '19:28:02', '>H$4#aMU2XDzMYp;v4u,dJ"V}9V$[P|k`-}cr8RF*e=5SUo(5{Ll19ij1{EMa=S MD(|3GZ3KYpnzfA`+>te50saJ2', -7780257567122695092, '@fxd ]Fe`l{Ww#2f8-VL`w?aYwy`bhJ5JSm.7tP9j8;3hQ273(IzLp>.F+RzPS`BBCj{x3RKX$`hc52H^dYwq@_F/nz.};Nw0zN4Ja=83RLuO?MZbax$,D*Hqyx9!D[f/mdIA]Bqim+l&y!cCFul1E', '5690-01-18', -832, 0.537395, 0.53195095, '1970-01-09 10:40:20.256', 92227, true, 0.2364361, 24718, '21:22:09', 'a>Gt!H0#9HF!K* +xjOL', 876633703, 'PF?~gx8QjFJ[`RWu|zw$mvkim8-L~TJe5_L=]U>V_#Hq1XE:cI&T9dJz~GbU+r24UV;C)eRs)VSoMG|{bi3S,jC7_Q%M:y*2zC/H 6@5_^9}rbBr=9#I^Vpd_OQf{EZDDIEr G`ad@a{t(HVB`|J@:', true, 'WFE)tseILw}FR<zIRQPt~?,xemN>5t&50w~!6#{Y:YY@%?b<>ef5KJwSZ%f%@53P"9+TKP ul`W!`oc8 T!2~|MW@"', -4967037140952578480, '1970-01-01 06:10:44.107', 22171, 0.32078487, 0.6085356, 50519, '2076-11-06', 0.26590145, 21164),
(790822302, '=b>jF;z2=HdsJGuB3L?E', '21:12:43', ';(gUp-|.b+/&qewy&DC2dxg,_1R,[f6MOYv>D3U&zje++fyayYUrWZKRhpw)eLGALHEX6K&U{`X^JlW:;21*hl@)yq', -492408965571698271, 'q.R<)K)RP0N#Hf&Y3hP>)k`<x9a,nFd?ZZF7b^L._01ZkQ!jKxmDMubLc{WAB#t|RQ|G0%OTDF(18&/cmqsmM5@6R|K-P@&^?9*#*o4"^<:?I"AN#8"0f}*_dmJ~$)S?Mo^v1po41z._)I$_ts35so', '7074-06-15', -8453, 0.3235898, 0.8551684, '1970-01-15 09:34:48.546', 43674, true, 0.2033018, 94450, '22:29:24', ')y{PUN"yvC"=_k<;]OiC', 1227770258, 'L /ANLXh}:wD* &@Z_:/W:=Fm!#1"z6Qo;i&acaG*OI,~bW+sh40XV$f9Cg9Rb>(bp-1l{IU@nb=3/Xm<t{?7-N~QJx:xFJ*qAafL<WF_D|NaW){&2B5C"EJCc|{0wr3`$BINYLk4Xm9%&KP%zn%Dz', false, 'Kezz5]aYe;q$#FKa=}r,#+|,r5h<-jCZ]uFH^;cS>sgVBF)ZraTRCX0r[Wfk= ,e7Q>~A53<&]CL }A+`vv"/QesPW', 4976684558729110494, '1970-01-07 11:55:28.382', 24168, 0.017452419, 0.47390467, 87670, '6847-05-01', 0.35300353, 77170),
(-3750989, 'L(Dd[)KS:$#W2[y/g1,!', '21:29:42', 'm5%mVz[gZ?KP^sY]A<ut1}N_kNM5zgp^{~_Oh3!Zqu5qdzP*Li Oz-&a[qatd"5>NU@yg~AM|-ET]0.BZ#3<^gWa9_', 3303471494729961376, 'n-AeUtzG$9}aKao5TsXa4spO- AV.gySD!23jKx^yz8O%fn,{htg]gDya;[X||sc<-h1==-Ih^#>^#T)bK:H$98&sB];,T4I:f|{0>A91!mk<wotJMMR 1yN^j4KWg?J6?y?fmlft_-0B-@uWWA=?n', '3125-09-02', -12493, 0.5515818, 0.90941596, '1970-01-08 11:25:59.282', 82555, true, 0.9495361, 68187, '22:23:04', '3ZK`$D;%dk9_"izV,A.[', -410413090, 'S:2A,)uc"1((D2}hJ$i//2)_,8gY;7*`4n cO||^s9Fw  <;uXeZmjaiMyabag<Wa}"@fw:4E_}(#m%+<u[X#81h!rLy<d2k4>z.|/[pCDbmilVJQzj{HT&Wc8JEVOv>^T&m]D0{Mx++<)K"6Zc&"A', true, 'r_yygD*E6#,t}h;bf70/=M~`T%ZN#hsEiyc!@h2fD*^W+<kiq!V/Oyc5m& YJLBKAoxa5uIA)NjW w9f!aw(bGgLt7', 2911378063317784277, '1970-01-10 08:41:35.805', 15317, 0.8642665, 0.4612416, 7833, '2027-08-04', 0.07876276, 83791),
(-1210695366, '#3&i; KH8^O*i4_-_;t"', '06:53:14', 'H2<PeHA9n&u<b#FJ?-K=Tr@EtefXxw?H8oP5sV~.t/!KFDYG]9;"/`3KTPRZhuIr:X~(&}|:(FC>v.lnDajbJ^urbR', -8200880268318607013, 'K{{6;Wr3mdWhX:<uF$i#`!kBBD5JS_&M,~{6zeZgH30*n&5yAJ[[)nIg;c}0=#CV"dBOE1]El-o5]2]:Qp{Ry6#aH2r]`b,3+NP}eA~;)F.tw]jjS0ah6/^6g+qUNbOwHm W*y*S Zv<k>rS|TyW1]', '8225-11-04', 727, 0.47894305, 0.83061093, '1970-01-24 09:53:18.046', 73577, false, 0.03563113, 94536, '15:44:07', 'wjR*8_R)^0yK/DaLgH!T', -1191218746, '8f9tgO<m,+1iNPnJNmjcA&15l $ iyDs4P0[tCRT;>qG@D5|^q]]h~BWU1mN_?,fDd%cLae<t:EXY*N:=_uOEG*V|[C2:+alVqI?O+Md}Muf):4Qoi1N/VyJuja+*6|d/+>*-;! G{t Zebf(?Tj-F', true, 'vlU0#.Yxo$/TzB3w>Um1*Ff$txvxX0UBuK`5=<{g/0*v;Rt}Lc2anL),5vfZ??o:y{R6G<@}!VgcJfWu),swfDw.~k', -4097264032285830255, '1970-01-03 19:42:15.43', -25433, 0.9647616, 0.88810146, 47541, '5560-12-23', 0.28652802, 46761),
(729756478, ',bUZq]n~Sv:QPbcVVt6O', '12:04:15', '+ag>7/}?<ah`e3.Gsab8qCX8%C"{llxx,Xd*`zWd`4LM1hZN]"5~&$5)t`l2B]:SCc)~IaRSP6ZvwHT3ev?scr?+pg', 5308820209129158844, ')WZ`C`N<{,7<mq8"NellCnh;.`Yge{5qZ^M}DJ+dK$Ya@b$-y<~=59`_n5vTUV9~AJ###Ta*OqO#_"3G8L^}jE%dNb^@55jooK`+7aGQFi!rDO5a$Jzs#K:.&:5v#DuhX-Dsp:6qKybItg}3G%=Gtq', '3058-11-11', -29774, 0.33122885, 0.6055622, '1970-01-01 07:59:59.652', 39622, true, 0.25478533, 82656, '11:18:42', 'Y3L?5k|ZQm>ZH=Wr8z]+', -1986497394, '}Q6Z5rr1#O J_YBnk4|?^6w5dg4xa:8?a,2 BZdaQQ#[/+"2]M58p&_.*yKtJ{6|r.eNrT5yu7Iy(,nGk.;YMM6bj|*vpUpFY((o:FymRBp"o26d,Q8*A(LPUpy,TB($BBw)E.93)Owzk~H5b&[-}V', false, 'QnP,Ca">>1sZx9]Ybc^.jj[we{(vvdEK^H@|*[j${Mit06WxFHG0~cQnIv}FD^=*~K3T/fY$_d&{]/F6#53{Lx%~Gb', -3067617946124242847, '1970-01-23 13:55:07.021', 24019, 0.8096833, 0.64832306, 83407, '3973-02-22', 0.8848322, 75153),
(1781911500, '>tbdU=`M(6m]3)}aaq.N', '00:56:30', 'bWsMxBBI)g0p9zb"=@[Y*}+e[9SmG@uQN(://Ys9 e@UDgK9Gs;hASW+T","baHDI0-qa=FbDX-4V|3M1Vzn+SSw.+', 1546663877201506885, 'b{<Y+:qxa%=1>)#jb*H[v7Ejyb"yFH:@a!RLK23>r_Y07Wy;bd6:Lj3|O8IIk%,r>dKd%}vmBYqP|$NHDv.kq@|[TsQ&:bV[$y.HgdgUWpB=jptfR`g}Q*D*|EY|zqbCc5z|[}TDKcKs4X{d{_j}C?', '2773-09-17', -6937, 0.09393102, 0.6422933, '1970-01-24 09:43:34.886', 59382, false, 0.5586629, 94038, '23:08:57', 'P^itDWIzNA0mybtmG{c-', 733310216, 'X2#F=3dK=g(vTiU6(K>[o7b36NjGxsI;erbl)->B3^DN,7@h]PQ<H7m&!@@-v9i{xfm)Hga={z-;}):E7(v@ZilVBbfvp|MybNTaA^r<Ef2f8 PFg?"7z6y~PO3]ZQr0{"$wp?Tibd4d0.WHq;)2]q', false, 'K?GY_*<~6#>trrr5Tqn=z+}*+`[B9Dx*?5){!wEWXzQl[!F&88>(<8U}ThcbvYK,|k9/cbwKkPubP&xv?JLu%)Y!`}', -7811249345584262930, '1970-01-06 06:37:02.287', -30880, 0.73189294, 0.31545907, 18981, '2043-09-05', 0.058272153, 99291),
(702235303, 'WWk<&c~VGwA;aMDWjlv.', '06:36:42', 'Ns]7UB{_nXdeOp"i!D"h~aA)XId;w~~`N:1e>)g2uV~Km"hDV0EyS>CZ+)%FWbL[A@n1ai|~JTJUIv."nCDZWR@XAJ', -6475920786587009479, 'I{:KfiO6uDg0^JWt+xdA(@S<0YV=v.X)IDt4 .2%Kn&K&}=mnjfK (%m?p53[2,*;p&L .D>}DX|K%plcip Tr_l"Ig&j*Uf,3w(I?nA]:vRn`c86(xX0z1`(M}`:!]GU$lT$*~8%@<<)cXC~3#6:k', '9312-11-25', -26958, NULL, 0.9084595, NULL, 75915, false, 0.88425004, 21362, NULL, 'Pp+)~x/)8<(tXiJ!8txP', -761517693, 'ra-bf.GUbv*]<]uEa&E@#y(Rk_H9={>bUN)|!xH5"*N%W+2GNg2f#jkFRt+@gf-^B$}ewYq%ARc9^`Oi )q9{]wun_+H:{6x;Dz,<_@U(}WQ^hNtJi31@6-!;55")y2<Y{[;a&^DbU.J)9b]3.wi54', false, '9E j.-N5V])mh(w/G7VKZGP5[z75=h}DDCc]v, YlLJbb_$1-6~Srn43/{3T"BXe!)SY5#v8LUhvg-q?)}22{KLK~%', 1814280065132542646, '1970-01-13 18:05:25.567', 13740, NULL, 0.70334053, 17221, '4348-04-30', 0.24713407, 96743),
(1249890255, '0dMba;@`@9a(aq6ga2")', '16:41:52', '4Z}{;_cq7T~ZfU^+_5!rKhY9$|=o#^je~<B,bGikHN0~/EL#B+?8rpLu=>XMb 9L;!DNPB^KN!-zwzXv**5M}lb7^[', -6628245340642669294, 'PH[2(dd0b&R2T5l8k};--h4nwlI^!74~IvnAdE{^;fn{hY4$-+9V1_wlVOVj>o]4j=3N(>.+8>:jb8kUgY5IA-lqb7*5eDu^fA!GQ1{wyl!L6|sD[!i?pY@P$`aY7ab:n ul)}$!e_usUfcCu0ID?Y', '9800-05-04', 8038, 0.4725501, 0.92875993, '1970-01-10 06:19:47.465', 7050, true, 0.0965205, 58831, '12:13:59', 'R`)V?_P|452kDP|60~J>', 1512673778, 'bIa3$Ql~x-IDnrWO#9$$/?b$i&OKT5}gv>rs)OvSn5<[]"G_RTJblDx~cBH9Qbblv>pi#x.!2d:f2@5cRMU{d~Yz^t|HETJaksl,bTMhdn33OmHK5RUuaZ&bZ(p;@$~U-axt1!#C)NdCBa:>220KU>', true, ',:UzLuJ>vp,e0X9zFScnrOz:swramyv"O.huy.@?^z!<C!vd!w1*cx$7ZzLQ>~xCg!>#<ity0v41#Ss%[e9FAuh:}#', 5948012337798965701, '1970-01-02 02:30:16.338', -19250, 0.8638899, 0.29354262, 27869, '9989-03-05', 0.052116986, 75214),
(740485934, 'YR|s4e _tyT]C`K=<s)M', '17:22:37', 'KgU%_fzbK. <1`"hj#o]*8xDwX."R9N-`bU9(LQ^$5WKt3yeXw2^usE8+(L(agQavrRFDl1?[j`QITqy7Afv-TX 4V', 3490061841153670587, 'yro4 a[)#nRZ[>HPN.x ey_"y-_0`uG,sbD#a8ulq]~e*!-}8lFEM,y3$J>9U_L{h]OsSnKXdBgpw}`bjKg~10>I`bA4za;qea#Me}]3N1);sIK>0k$$GSi=9N`d&+IE`y[_bBUw=L_TzQ-coq9 ^u', '8423-04-20', 9690, 0.23140502, 0.75828016, '1970-01-01 10:02:34.523', 4833, false, 0.2668343, 8900, '00:55:02', 'GE&l1aFI3D"^7bxYy1>?', -1226630652, '>&m|t:{G0%7%qXXGgj&`%Df3ap.Kde"/dymjtCo9Bs|-c(=l_ansC7PuPipw}C|QX#1S`/c:*"aix~S}zhDqEf)G})fa50>NiZaoBv/$LF9dce]KBm6n  g]tk;.d~yQV&b;Ca!%8[wAQn}FUbA5.~', false, 'V57nQ>qmd(@*>k*y%%89Bb9@aIbTx?c(LqGKkrsa$.o.!phNqtKxg3-)8;J_^iO?|(@6(ij m.-=~0$Ag7MW!Ba6$E', -7403508285221827084, '1970-01-21 17:35:44.624', -27652, 0.8943689, 0.26824284, 8651, '5097-12-10', 0.95555264, 81440),
(677856850, 'cas02_9J5fYwm>oSTd0]', '14:58:07', '1FV/skY<fLaa)SM7jyzYYy4{/>le+=(e!gu&&2&_5jNw&!^5|4+G3X}Ny{yeYSQ-64L5D 06 <//"m$Hkvb"`!0D=y', -4045072702722303180, '17y?,!c:?V{g%@}kdd`C}J$.lf&d=DD}`}oSMIgxBImb]d[b|*:])A,iwq+z-4/,?<pCdU|LpmDQcLK7#Pg$j Z>5v?vOF]I Y=y2FuzO:JAU*_ ,_du2BUr{!MEpC,Ml>ekDebfwG?~g+6~d+1}z~', '6203-04-11', -24517, 0.057469428, 0.91071033, '1970-01-12 03:04:25.201', 39123, false, 0.92876804, 32403, '05:07:37', 'BQE2U>4Ua|n$:`|6W!L}', -1553938592, ':n?`sQYG7VZ~6i/zMQw@C: MePc(:AA6g_{:HM3_fY@Y;y?5QIk9A]O`0LG2PamQT}l(JE sWPrc/;%lyi)LAUP!,DnNo3&r5c(q*CKG?g#s5M00N`;o7m?*O45fe+Ii-f[=a zIr|?/_4t5sE{RxJ', true, '4fNQ"s#<9LQ@&1P M4p: 0U{/OD][2Gmpja."4X7cHN)~YR&B[(7H69U I_|JC. 0US+p?niRFYUv-!;ZP}hCyed1=', -5299948342314805775, '1970-01-14 17:49:11.725', 18787, 0.9830989, 0.10261226, 21311, '9365-01-21', 0.8783125, 29773),
(65969323, '.?~FS^3}6e%(U8^e}~PD', '10:04:11', 'U=X0>Jai#dk~Hg5jtmHM|lPD`J0)vCE1I(cp@l.8[]KR#_[UCiNCMf<>PtxQ.S_sMC={^lv48JfBcUW9_.3u<2vt4*', -9214788944499229726, '_Mb*N[L!n?1)Lo.lx)~.vzm#t=ppo=a<a]}qX,|r1wY?zTQ1t}a`D]@U@FdfQ-L6Hb/N33PB!:)Nz~(X#^]xMi33l?q> CqLURZ6@>R0+Ik*%si;4,b/1@g0v^|kaqXLw%&i/MS0A`$qsatXJkaLRz', '6739-09-25', -24399, 0.37239593, 0.44454032, '1970-01-15 00:40:39.041', 79982, false, 0.8222383, 2827, '13:46:27', 'hK<$aR}NXvi>TbRoR+Qo', 2098330531, 'HvA]Eby@#W?byfaLN[)9B(a+w9>b;gdx7 EAH{Bpq;sbO2"{?du-W=dBq`3O"]F (F,0x`Uc0b<,LAD9b.zBR*J_%z8_QzRPo!E4f5V;F@D@$E*1(%Itw&Fa>Q>c[2Zl4Ow,*pYY*p(=]]5e8mN_=y', true, 'bc48jM`YWXY$p>wlov~#ggw2_xw@vC*[Z[:a%i+~WGCbW%8D@7[jrW;I no}{0=@j_0Ph-hE*4mhCr!C&xpg`im}On', 6046651723885273226, '1970-01-06 05:35:13.875', 22191, 0.77835673, 0.9926667, 69040, '3605-07-08', 0.59576285, 28872),
(-257858116, 'H0UR,OfWBUn)P6ky<b-3', '00:55:29', '7?=za8bWS28Jtp5xbaH)BlC2*_[Ht!*n4;[1sCM>58p8Wn5u+7e@pgyYf)w0*^PbvbrJL+B+`l-q>GS2i?0CIqb`cd', -5092687645563604353, 'VpQ1.XbM #/rK:^qQZ?&)8x]2".c)Gb@MDEU.`>O$O)Mjc/Q80u=ZfZDF+Y R#Q,r.l~T`3=m=R.mbu+ W+T`J_er*/!:L@#Hv<Q}(W+U}#1YFd|fp#N6:0#6o@{D2lk?)CTuS3nb5^~t!+loek3<g', '5387-02-01', 26200, 0.30330873, 0.32882535, '1970-01-21 01:41:58.324', 40004, false, 0.4897547, 288, '10:43:57', '*9BQId:^Rv=oeZ9Ec.Jj', 1855498135, '-m#q9ayMn?}<Bjaqzi_@;-!"khb,y-Jx6ln7w?e"ypL;zgY%^b?vW}s 7^OpZ%*QwS9m6>(rnk=>|W/-Om7(~7zIm${:!rYaBeMm&%jpotiA]3h2E<Ws&N^gv2&.^C2"Vt:[r+F;F)1kqR|X@WX]4i', false, ')vCJ1{5e#dc@vb|C)/i|No`-_xYav&zTfE/BG$J;&uG0[V83.O72]UOby 1~Aqe.zHe(gF)wOT>7l#5S*(ha;Pe&E7', -2066198148906693029, '1970-01-05 22:16:40.302', -15588, 0.99561226, 0.05047965, 62926, '5183-07-13', 0.9759521, 52748),
(-1187771122, '=,hU4s^Nkw69Z*7^pBJU', '06:09:29', 'd|Y}pm~[j.KHGu;G!3.O*34RbiB?AGrma@!g6&Y7*W5i:(y 77b>YW>+haMgC"W[#9/,*[tLrf&oZF$b_&B[G<-yt^', 7466736713644603061, 'T"SaQiYFvcI<kf(y=_afp*N[9^ba{596F |Iz:y]T:s(R-&n1=<68b5G!`x|2SKu4ZdgDgGlQadC3st^QyLJ{KhaK},WQDd&FrbJ#eg^,4;9,L}n{}09P~c1Ka@bI=c1YGCyLKI5db"g2 H3SR^ P`', '8894-08-10', 26249, 0.8709462, 0.44318336, '1970-01-10 21:36:22.393', 3703, true, 0.14211015, 28638, '12:19:32', 'p0*qM0]#=K<W[b!{yY`y', -790305787, 'P|uDk>t"K)rg(aT8L&f.}})JrT~fjGoJw0>O?h/XeV]BemQUM|Y_c%=i;iu8CipcMy.R,cEP@OYmG2Lgf4Z7R$~!&cHX;b)0 fb%?t$=QV4g51!av"*``jKDUv@W6D*Dd97eP`-[5(Iu8l(Yra"#e=', true, 's<Wiq~y(Kt"^qi&]lI#kM93az"!bjy"?F_lUsP?q{F]RofcADocum%Oy"w7(A*;!<z?n6v8k}k,TM^iR~aFZFdaa<{', -2246272034184914452, '1970-01-23 19:03:04.306', 8558, 0.9453707, 0.46649146, 20650, '2707-03-19', 0.93054855, 27443),
(2077197241, 'bqufP!;#;1.ZDj-%6f~u', '22:00:52', 'E(WO3~Yb?vuCZ1I*?M:xnuCo-iTRYu}Ni9F-35&lIRv> {7bQ3Z>^Us],WyWWszCq+OuX*i_NT,xjt-k3T**p|[7TD', 2443792729637284119, 'PRq+c.XDbDPjCB.8&oK/%yf,Nle0Xb>0_0@&~T< F7)El>aLFRW5J.mmo-5tA1|qZm1vC{4m?hQ.|zLaC$JV[83hHc42NCl<>r U{620R@S?<3!03VbT_6$SjaoCC46NNcjE:O*=Vdle3G}Ns[>bJO', '3551-08-19', 24954, 0.1813752, 0.52376163, '1970-01-12 01:44:55.138', 64072, true, 0.04011551, 17643, '14:27:30', 'a%=b}AKJwfJIA61=r:K4', 723713538, 'vF a`IWrMd"/Z&~l <P8)=5E]uo!IBVe)|bSI_I-.|0)E-MMjb;vTlmZ<k:"mx;ZOQ)fs^EML/CKPYqP[OI!y8DbVH!~_tsC}A@A&cNEPf0CnQAwkm7NEQ~{2 a2EcL!nC)"m4TjnEKYq}n]Mb+{K@', false, 'YM|tc;_wO2h}XR.WavjKAJ~qRw05ra5:8{zFeZ,zfJxZwTM((ME@mIJpzb0tNI?+MIT#=+1V9g#l"m~p+1n~[RWYu,', 9200384109109798022, '1970-01-10 07:26:38.572', 512, 0.72402745, 0.93152165, 46174, '6381-07-23', 0.24299529, 99668),
(-273492060, 'Z9~9L6#cRq-C:B :}w93', '15:43:02', 'UGb"l[2!Nao@=/Ha.=UB+_0`FrW#@ )<r<~nB:oRE_G9 ip:h4rwv8H^%_oM]Dq.96,u}WfEFNa(f74.h!^s=Wa99n', 4346408592270290783, 'F3kq$:?G2L9?qO)$D7c>g*Fb:KJ[G~k.Llb~|B1)byewC8UN`Maw!insQkH)l*^6Ngbb%,?c(/C4et6^{[tJ?8oP@>h{ESE}Vz3*Uscnnv}&3O^,/wDB33,*U9qu<R7$MX7liFVk00aAOXE/MwTNp?', '6857-10-30', 27356, 0.5634464, 0.35681343, '1970-01-16 08:47:32.144', 77143, false, 0.5100597, 35029, '11:35:44', 'RCv$LUoK|%YfipJ70},p', 2043153066, '$F<y`/3$BtSvBI[R:[vmv8!_P/hfaS&SC#`/v9l|M[LufJj:vS!Z~[7!pjjuE3i!46Y$0Zi!eQ"nJ.~(dg<[.I]u7S:rDr[2SHrksmT*Q4b~+a,n=*MhT*aJ&R`$yfPh#H51Yel<ZH+a4%Ou N+&S!', false, 'YYJlxy;OYY7I~&4zc}|):M^CC7Vv (U?;Vs#S$/^*yqSi$U(vLJy!c"h[,H^Jy- DF)N8!o|ijG*X~LC`.x5wtJ|6.', 8763033504889595295, '1970-01-01 20:53:21.464', -18351, 0.60314506, 0.393986, 90436, '6331-01-28', 0.14813825, 28197),
(1730874290, '_sG=[&`.[Xr@hh~8PL_-', '12:07:35', 'NPG(mKbI<-pE~=Uieg+6Tu_iGzT2}XpM2.,AofloyY/67oFW:x_@U^&^)x&i0Q,Oo|:+1V+=T6#TqAsOI`},)`qC8}', 2680050128702504448, 'iap(YgFB*eN[-8Tw;BaV6aZU5{AW^5(y_We+R*%&P*,It%ajC2<Gyg~q<"&_$BI;?&kTp+;b;KUs9bOqB^A[M[ZRmAghBSM9{t.[{;9}JhJ@NY8V,B<QY>,~@FL{:d`ceG {c;dRwOR?*^I2#a%Pa]', '7119-10-26', 25444, 0.7744671, 0.6358507, '1970-01-06 01:55:40.026', 92741, true, 0.85704654, 58603, '23:22:41', '+9.|v`B$d86b<=Zja)3}', -1036216419, 'ik8gm";W2UA,aBgWcsaF4)Z1gp~BK_i!GIu)d,`JKP_(qmKpq_=gUlvToP6M{we]_mm,/+rts^6`?^K,Say;=R>_sg 1t_=Na/b3fzL/-#rZar;H!*}m)<]AF)6A(:x?:K{u.8,)iER/l]}bU3yIvW', true, 'J<5sfUs`.Sye|v,#kIQ*s:hj(iN?}12B *OvUj4<^bPbpizUUQ/@b!>.0*#)5o]*~8bb%?KMl)!/h{&H1V,Gg8^Lf@', 1981682168833646949, '1970-01-11 22:59:36.485', -11009, 0.611528, 0.38680148, 10911, '5298-01-12', 0.28343248, 31175),
(-227910900, '5Sv7f6DSMa*K7a/r2_p^', '14:12:43', 's/mwmj!C`JbCwrW,.D=2|"T=mdIu2}?1h<h1 =deRzYX;ICS !eb-8d]5uz*u !NBrR-)^BxIT*9CkyU{gCYup*k+w', -6595762200432239189, 'xVzKSsCm.bE=mT!bspI>/K8jfpmcV|aX@B6;z,i|zf?;v%}8IwBWwtE!S`cp]3ul)fNb+5]oW.YyVIF|jBW8O4okuR#Yli(8%UFdeu"{Rlsqe33vah$_<IRW""JLn?v>4XK$[r>j[=KU3>l_k.!r]F', '3224-11-04', 5362, 0.427976, 0.4869933, '1970-01-05 20:03:08.546', 99783, false, 0.42518616, 25289, '02:03:50', '~NpQ{m2$C^s>[0b},Zj_', 1132427252, 'P~A?HhO&d@C%&Ns`3?GV W`/ULN7.VbvUm .H2/(hn-+5!u6i9sa-5jzLWi8H:_/]PX>qr5Nw|Sa]C6v:haUD/Q KliN>RUWE{zNW!LV?[ecC#l$j*Tp4A-5cf7%k6*hyiaV{L]Y$@S#GTo$ &F48=', true, '96PqgLJ/)7{<:,j9[]m^N=dwLg..xEWlyi5(AB`ZD@2Zrp9=U5ba@Gok7tfdR!WiClVt7n[8_MB+]fGLbmt*FJm&J^', -6117646463684918213, '1970-01-15 08:16:15.057', 9394, 0.2971564, 0.4407367, 47386, '5536-10-14', 0.47659293, 12900),
(1847701569, 'o>K~6I6rp@& u48V9k}]', '02:48:10', 't]D5X=V.-T"(2,#-@<ry#_h:$Ew!p7o?TXh+SjnPr-jKN?HTs/z_6c#W`40#~]dUe~faYsn>>](H1bT>8.:GvwCu2_', 3975269131400775211, '/7207!.6cr>UZ8vAIamX"as.[fVu%}FrzYN7?;I~hKt8>BG|Ur=U`-ByJs`<0_hJ.m8AFS:5y?i2qJ8qV!m;v~HH(5-FQa8DA_EaeKx-HqlC@WwT+ 6Emp-Jtgd$~}W!r9bU{|H)K `D$8|`hGI.S+', '9193-03-24', -30675, 0.1803515, 0.3885429, '1970-01-22 04:05:59.133', 67652, false, 0.570148, 45164, '14:28:41', 'hH/Qs(e@94sK{{*FL9j9', 903772513, '"9<S-8a$i>:$?t:a1z5zLNWOQPZMrYSW"mT+MDl3%sKcg>$y 7MUJqRcd00TK=]]2 s#ueP_/|ie(Bhi0H)|tI!#tNY!?$S!IZa:-phv`_a`0!^#vw R.}/?s>qu]F{D{x5K-nCZ|,i)@ErS]@maEk', true, 'EILxY)`k5x(4TN7ch[axvf:zoLh{Z};0AW%~jq*8w35q?z88I=wEz}c516W}[GqXNH~TR"HuZTzs*nl~!:b@"Z2&KX', 1923281377268490703, '1970-01-13 01:56:07.085', 16842, 0.89302367, 0.10266745, 53380, '6530-07-02', 0.49392122, 40383),
(-1660042603, 'x;m<bYfnBdeixt9r<bM5', '00:42:40', '2c+ )"~^u+Ijb}TF-D0`K)nwPs3iX,c]sYU)1}GjCm.md7Ayr-,?T6h7Y)N`HH?iw^Sg!c"{FWhHw|KoIXZ?>Ttf57', -3686687370629023232, 'wcyu+Ax|GV+]`?wtwR&^eP}J|dL]xkQc|~OzN_b"m2N8Nt?:|aL|aDofU9P#sy_,OeYaU=&Lkr,~KCn2m"1/d72T*r`<*{5zyl}<Cga_L+0$~.Ff{E-w@tWqS]%.5(n6D*<Oj.-;apxxC/Apa<("z6', '2522-03-31', 29417, 0.26528764, 0.7701789, '1970-01-04 03:17:43.203', 22992, false, 0.74937207, 40188, '23:36:23', 'O3NT/t3^(OJx<;{L+[)d', -1159429307, 'hg6RfK~(+@NntEE]T"=Z_o7!qE7f=<RN)^0C+]b-[01hg$hpAHlt:Af#x1O^]^_v+O%Ma NQ}L.Wuj%%4"cY@NS!y(+9b3Si^B,g[IsW;%vQr93Ma^9{1Q~!41*@6:!LIRw-I{Bj_B9mbubc&pqLke', false, 'u{Y=vYAF]*fniEx=F[&v_HWswQ;)U~>T=fbH6:6C)GUTbD.}4+I.yxeaFrnx?uyUkRdMgfY,.+jT)gg<#hu^50#aqg', 3075205352596596337, '1970-01-01 23:55:53.202', 15742, 0.53205454, 0.9575339, 25901, '1958-11-08', 0.029578578, 21472),
(1270864137, '"U?8bbfYf(Wk~Uc0y~ba', '17:49:00', 'O?[<2aLef**0dK*3Sk;|QS&}8Tk-fM4e-(>aD7Ej,FUb L>c{_-yB6_.D]WMx+dyx`bS2}yUg`FQn$e|GBD!ie[t:l', 5418248613398902671, 'B$~U4fLZD4X~Fa /(mc[/3)_LU1~=s/,DL/,8PM4}+0@pAXVhwb/&VyU!,(^fRkF.inN2Sob *iY/u867F&nEl3><:CfM.yWcZN:!I!M0%PfvztkDm%r3*sd-}7lekWR{)IzgYU%e_KUEI_CT/[3W|', '5968-01-26', -3202, 0.4003551, 0.5393164, '1970-01-16 20:35:46.856', 84458, false, 0.51385957, 3901, '05:12:14', ',nm1V?8[c]2(W~`Uk@F5', 1478954981, '0]B.ku.al9K?<^PpxX|d#K,<MtB:k0@tK{Zcq>p)XD-(:.L(p#gqk[3e<pc_gly&w/gz|KvmOYB6il ]%9FUw-deXK(Myg_ld:~F72x}aR/HM[aQLxt5~nd0|AA6h:ELLn.3B$G#]o0=PB(A~-c/d0', false, '*kZ*HLBk9&d!T4UGw%kJnd^fz0[FM68o}%B=v#)C?}te@-boMtyb;S8Rt-Nr[8Sov${sUx|[&&K|=mOB(am2}8|niJ', 3792402299287755987, '1970-01-14 14:35:36.408', -2788, 0.5117679, 0.96944195, 20575, '3250-01-21', 0.19063152, 28737),
(-1638235302, 'a^MS3cT5qZSG-g}2/+o?', '10:50:39', 'w-$dH(7MLM!P:#?^aT+<Bj!do~)-yJ&_$Gl5gz!j<S~bxuktaD1[MP1Y-{2-dO@c*!HiUqz@L7_* >]*1"e|b$8:ue', 8862280737687629627, 'Ce|]32]>O^|2,Dv-HiM2O%dnQ?:_jJ-VEWy-^[.*oJX%~ZBp?$FR?vgH=6M7+7CIgbOq8C:ovK#aYGgJjo_a4i)IKN@)8#Y_L u@=I ;5edj:GntJ<lzzNz^274tSdG.d.(-by#OiAKEWcb,l f;_f', '7553-06-14', -9345, 0.6300777, 0.019544542, '1970-01-24 12:26:39.729', 27107, false, 0.01996282, 57500, '02:48:56', 'D1AnRf4P;=a=-%.G@y$K', 112671271, 'U"k>UHtHNgabp66Ezuo@P$LF:Eu}xfb8iBeD`]T[PUBA`vtZS`w.tsrKEm<NJumxLHwr`(=0_ekUa5YItc9:xOX=qg&0Ada=+:?JoBLE--G2l7LQc!#6F>t,AlV!TvjcLb7FBLPB"%O}IsC#L Pos|', false, 'LB}OYzN7$p%[zE]"hN{~0L6,1l Dc6F(a52s:E4aJAq-i>d%iS#CS25 s*q)3;j&hPqC_akH7a<}}Q5bEhp31jz1w!', 1317636301738862477, '1970-01-21 15:10:54.64', -13931, 0.79139227, 0.555003, 39987, '9422-09-16', 0.21207191, 66090),
(2048680399, 'FaM2(D=X4S&1a"xuy!{&', '22:44:18', 'b5c7CCksU%6tsCIHzN"Gfu%e*[aa_WzIA|y|=gKUb!4g}bXx z5"WbBsU)^4^6VFq$$uqpl-H)N$ !{j{)an?E?^u>', 1314715452121684935, 'CrD_Q_3:ChioM{DS.#Y%/#: mzfpfU9S^VSW$m%xFEN(2E_h6sre"SX5(a=c*FzgzB@wZlA$JLX7HOMZB1:<r)1muZe/RTd`;V@E4yhWRa9H1vMj2])jgEe5>$(A?f%e(t-kKk76bQe!n;Z"DUI@C@', '7186-12-26', 1100, 0.2927308, 0.70664597, '1970-01-25 10:39:50.343', 36434, false, 0.993368, 74555, '05:15:36', 'Agj&ynwx8 t"je.7a-[^', 2032402812, 'EPRp_#e}#kRZ4Yc(jGZ5_vUTwY}1QcaHrb]<dtN3a1b]M&znuie}g[S{C|@=mPPqWSQ]40^ &eaUIJHe,/}QM&v4R)BjiP{p#vao=xb01(P5FWfS#f]Msrpx(X#f-P}kG>)Uy2tcT9b<RI~RVGAL-,', true, 'bcA_SP]@,9}@EeoMR9_3fke^.uf]E-^;R+bmbFWP)_#)ALy.IZB&vjFq-[v7rSq1ibWF$zB#I?cVNKU^c$<H_,-b-v', -2966889752771064363, '1970-01-12 16:30:23.362', 27027, 0.8453895, 0.7425001, 23525, '4243-03-19', 0.66953915, 88765),
(1239533785, '`CDB"qRUfjQ6Jm,KS7B~', '03:55:06', 'qS}IE,V?d#=g=u2Gxu0!b/tj0l3h<?Z%Q@*@;IWyjLN%y:0._"H?TyV;+xU;tzox5#@&uW#$""fJZ : 9ddwUs;iV_', -1470905830102249448, 'BCQb]gQ}F6J4x!UJAQYZ^C|BP<(7)pzOlzaG[P}naM} D$u{V<a`Y5&-KJ(5u6rrw^:5&VN#h !nvG4Cv!uyd:(zTh1e)T-t;vm&%SGqwEMe1Z"[SWMU&kImryW#@mit^@G,Kp<!G~@}wb=u4Q@SYj', '2565-09-14', -31103, 0.9951696, 0.60334903, '1970-01-20 01:49:17.12', 86425, true, 0.614645, 75257, '14:57:22', '{DEr;9zT5G7nhyf@+~Y@', -1951884816, 'exl~r[3D(;#v^Iar"A{M#Ck3$fO1gGU|^oK2#9 [+V5 !PB"bWRz>.z"WU)H6Km@Tj@]<PM@w]hU0{F=mmgRDni_CMfv]G^q]M!Hzd{?T"B`Ni7W0+YUjL#qu3w#{+sHi#-Z&SC#hIl0dXN(>I/dk&', true, '3a7okPaQH$Fc]5cBWW*XW)SGJ]a@gMY|k8TdXG~}BfsXm*%JoGWPb%_G`Cu>G8MwyHW9I@O_Y=UFl1!KA&!l1uJAK6', -4496561586430479392, '1970-01-10 02:07:26.897', 3229, 0.984002, 0.19889039, 14920, '6528-12-01', 0.7339716, 74009),
(-795023823, 'f0@pX]|/<lbwo:q?@%R~', '19:15:52', 'M#a$7^wel:fSZjv:&ya9p}stx|e,dYagrAAcf3P?o)aJPlSR*{D|;N |~qgDcc""Fq.b[I15EDq@KuvRc*XE!d`DLs', -1017173454275935950, 'h}R[X~EsHz6l c>#bb-&X7bAz}09|:|*Qk#Se=WlmHP|>z?;tdT`<&zZ^W0=H#8f1avMHRIqOaW`d*{&G72AmGG:QO7FN&mj5h9Eha XY%jgx_&Qj9"i.8D3c~LoB@(aN:8`[Q$bSx0 y7TdkH>ou^', '9170-02-18', -6077, 0.93862593, 0.8764878, '1970-01-21 22:55:16.502', 1664, false, 0.6833025, 55841, '06:44:45', '&dua?sF`mROVNM_Ph_mq', 1198274646, '>zo2eBx-hVy*U^9L[gdsNfz8jeeIb4:Q/y .yb27@ER;z!v=FQ8:Y6a($VAx($"5u <kWp}@"i+*b"h]9)c+lWk-!|)UX%~Wx4D<>+^M1a?W7c~GDLR0av|V^|$_hX9Jqb;H6)>agS;}b!1QxW}(ed', false, 'N)c"k~`}W*9Fp_kP9*_:McOP^m?P]aK"u{a*E/xfYa61#1zx&lyf.$Zm;rOzr1V*O=8Y2IXYL=UJ&vn1%lhp_PtTbu', 8371784637075386526, '1970-01-11 11:50:23.021', 24682, 0.7797061, 0.9042762, 27487, '9720-12-06', 0.44958082, 6424),
(-775518179, 'Ra*Z5(/rxu9nGmRJYBxO', '21:03:53', 'oO2e`^V<Xos`2palg?Gzgg:._7.2EEZ,ZTqfavkE{57,Wk3i?kfHlo9tG#ib*1x)^V84TXEr$&?4;x@>Md:1]V/lu0', 1287518233326072041, ')Vxn/sc#"!QwIbOcb,[]-PG{;3P-K:OT,oakn`5P-FfRX@D`oxr].0M|_lW/!%2iB8ou%Q3HUW9h~>eKx:pr[@4#05;E!Tb}g$wZt~lM&NDERF0ex>a);#ui@A+GWM[%,t>d"Q.&F8!59|u)]_A&-a', '5282-12-26', 17143, 0.33619642, 0.06823057, '1970-01-05 10:02:36.43', 91363, false, 0.11947933, 77336, '20:21:54', '-RsQ(TPgh! tbpq&GrE4', 1825182709, 'O$H{;%eMbUxkj*bz]`f8~:h4#`Uw.2>ZGV*Z&O6$AhzxK+pkgCLAZT,IF0s?t~V=i,=/,7xGy)s-ANxk+E~bq->_f)a_>5)2,"{$ypk!u%0;%LZU>UPqKGDkW<F?w&wNBmC<MbN[r+C$dI1~S^)@{1', true, 'mlavz;E{$GRf!GrBMBc]orsEXh79TM,:-jlO%LNTaUqL[tG2ul~%d:lgCdA&o~%-U=a%B-iEXlFt2l:]IN-{1H.Cb*', 4482049091925535483, '1970-01-22 04:25:30.4', 28132, 0.07471067, 0.7345822, 23720, '8067-01-01', 0.97978735, 79572),
(1216267024, 'bjplhGpWswdWn]AH=Zb}', '08:10:46', ':s"I{jLl<phPhS]o=[/zK8e8*c`+?Ir,#abP3MTW0#bpP%(3p8g^HV`+v;o^Om)biu^DE]XATC0Jk8a:|^rq{``2ga', -8969793242544434535, 'G$;7VaH*D++jR_6t8t8b9]JDt`7Bf1~DZ{([TB!0N[ay9Ep:^_W2/3BAD1s6Gmt*G:!JS@[L{bTpmJ#eBJC?0I!To9|5H!1T>_#(rcIR7eV(,;h"X nP%|`at,]*B%6uR~A=b,PTi)N5:>hJ<P8&2Z', '8789-10-08', 16713, 0.79915136, 0.31918997, '1970-01-10 21:48:51.526', 99484, true, 0.5281828, 11442, '16:37:31', '<Kau5NRY0bI1E~R5nx#~', -2142128061, 'ms~~vmr}JErmwt%ITBTI77.WMWr5rUN *bz,DaR;I`"su3)jfZb>8ak8_$$t-snMhp<2kGUObxch7`9`&2fE1YIbsc<b{b(^R1olmn/,U9YJgsoh7kD(eUP-%#mjp#!zLpA`Xi+ubH_;KTXMzoF]Fr', false, 'uqcwg<{0~qlPmXO`u[3)4y)1GY|49bE1Ca#lYxxVB4FU/`C9F4l1/EY1Yk7?fi0mqm^}9T_Q5q+^2K+mPl|uDy{aTF', -5671224027509586187, '1970-01-18 07:53:56.719', 18717, 0.930533, 0.37891066, 73478, '7898-12-19', 0.76403725, 81720),
(-1804365395, '/C|bxiMe~burgo?g<uq!', '06:46:26', '!E?8%J=LWsH9h^;iN[BCOBZ!eV;1h#-FvF%+MXz|Ze=C-}dK8gUC |fXn5}pU# U?):%I)c^p&JtHPPX30q]aXI3-3', 6881659609500923947, '-%X5@"!Zb?w10;vIl/?l)4AN[a;B[Ba=IlD6@FOv7#*tN76;sh}s/u]wR<EffWykb3#txat|$EOG_4E/vX@A~L}mg>x{2@^A6OjzLMJUt.9kHygk"6dYi@18pGTmZH=m2=,s,46d2bR^gH(#<NR.rU', '2629-03-19', -16277, 0.8372541, 0.62584, '1970-01-11 10:30:37.558', 60918, false, 0.96163577, 69088, '10:35:33', 'az$vKhAB,b?(7;U|~r]^', -1875839841, 'hx ]JnGyTM*1Mt=[%aAIz~tFNx>Jx{%a21ad#DS.=bRrRK?@7@k{ #oV`$f120Tm-;aNyK$A/*.ylI6wp,K(0 vAcW3qycq5?4^Hm*_#gYFGNXORx7}bR>?CGR=NR3|@85>v%*=aQal8CK]fJovEqa', false, 'C{~Jr"}QtH_s-*BXl5vlG1b&}djjjXOqDKI.ravd<?gq?hrZF/SjCmfK)I2xywWCkpZSN2IjV0qp/>V {lrv/x=8zw', 2992111420093985243, '1970-01-24 20:26:09.69', -336, 0.35597253, 0.38708532, 76775, '9647-09-04', 0.01609115, 6892),
(931829920, ':nI,%I3*@T)2@ia3~CYa', '21:52:17', 'w4+5MUf]]PUa.Q4o_WUN+"G*<JbT3S(;;7AzUW|*2yAj`8m(ir~XA])_(bV]E0bA%z9>Va?Z8j+r)C<G0H6;FFtAqM', 1273481141884985225, 'rgtFs=[3WLE4|q&^|+<S.Mn L8scl/* $yda:!*x71;o`G;x(Fk>P(O=~|]WG9zG0C)GmjV8DXo%+*q<wbi;t[Gjq#?c,7NWb#Jau`WYsc|fa Wo4 `_nrqW3-YI-^r`n*Xw_[~xrS(xoF_YI*R+#A', '3761-12-21', -9245, 0.85183823, 0.21733522, '1970-01-22 03:22:03.883', 16107, false, 0.49532092, 2767, '09:18:52', '|gA/siTPVCflBJ%}j3T;', 1238417217, '84Sa>Ny+"$K4NdvQ@Wa:g0bX$*0aa`Zj%pW68;DU92)Kg2^"U>_lEn]=^B)f~la5M#+i9qr__zX2leQ#i|x}zc(ANP.`pzU^%H:+|Q&v]$ Aa3j&CI/o6odg/MJ;?VPbn0{u~Vls?l2{3Z"P"%qeb[', false, 'tz!|aneHMJ1 mf@~(D1;k/R&y"vmk^V5EJ$v@F}[d{*=!p/ r5fs1$I%QiB&@rjBqV`~*)Mj]|b5C~#S2"k+.PHP`d', -7868902230276789204, '1970-01-03 00:54:30.151', -17704, 0.74674493, 0.33436865, 24416, '4959-10-13', 0.93909156, 21591),
(389724436, '%x1P4/UeaeSSCCUbzoPe', '11:30:26', '|MgBcE4qE_haM#sDo$X2IB4+De @~tQ,iRYeK-oJe(><p)ksjL{E?|jI4Dwde+G$;17AW1b#Rv9 e{w7suf6k-bBb%', -6816749343332254722, 'y!u%BMou[N-V$msvP-bmtf _4pg1d=N(-9|T3!=f2qX"XG|k<gouK14U&sDtz}<fs,iZbD">f+;yg5W>/eIK~d|*u;;8@34-g6rH<$,g6+aFib^28]F.t|D[3XFQ&Mpgh/NL,g/*@u_+Ft f`O?B#y', '8433-12-18', 27756, 0.013210058, 0.7746643, '1970-01-05 09:25:50.728', 27421, true, 0.29435962, 35676, '13:36:42', 'u(Y9:zPJf9?|h?EvWsYx', -186604760, '-]"q]Jdc%+A$b3w!CLG5.xsgalYcFfHTdO$4-M,7(<FDnFsI>(DK&Di Uk50!gRUtp{>2Gfi/a4}02zV2mObnq&b8Zggwl1+^+iV.-UVGMi6fJd9">%@k-|PsClKH}!VerD8xvY 8ap/wRnou[?>p0', true, 'OkdliYb3JTN# IADi6nAggENZgKqfsvtG+Lym!R)|%.}^~DT#>r`JX:/6KD$b$1K|}sJ][^j5s>JO"UK_:i@ER,:x|', -7945350486282843491, '1970-01-08 12:00:06.008', 30021, 0.064528346, 0.4414128, 41257, '6555-04-13', 0.1909035, 5590),
(40619236, 'WwCN4:a@b7Xk9(pYv;AN', '05:25:13', ')S@?c{F+QLF,p,CaX&:O)Hfn sr&)#kS~fUuz9JH.(FFYxc9hHjXDJ)d6#j`<<hB82g3a0|.La0]_v.rjFxwl<zuM"', 1918328003017274396, ' *^|#D^0Y/K_SrJNGYW.mvmzbBsqnM<al01Q?Joa~gn05@_Q=9zAf>*KP4T[lgI9t^[:FOwr_ XQ{QK3({dZ;m@?zZfd1$K]R,3*=a@B~k! h`Oau2b2Oh~.an1?Ok}P]M?bJ5`D(fvL}""7Nfbo5D', '7331-09-02', -27181, 0.07839745, 0.34196734, '1970-01-18 00:08:56.473', 29539, false, 0.99022007, 8644, '03:38:08', ']N4N`uE;3&./HGW/@Qw[', 562445348, '>@A3+1im(JhPrXkhNL/,L[p&**i$g-~Y$[H0^uCg2}{nT]v.jMir^00J(}E(n)(TVo2K4UIA&/y&0>9C_aH<<@M| g}*/C<{dQ6e,(ONMX<Vu|`ySnP9)"^9S%M6@sFg1r!y+W`zSJD F#2D%d" N~', true, 'h3dc8w,V.`b_>cTt!_m%/AM38kIVA*{-cNOP&:aXU@M+*M@Q,.s7ylukm~7O(Xa@AHg3(~RV+M~`/jwI<PQau2G_vC', -87934994859362676, '1970-01-15 07:01:23.267', 29243, 0.66901994, 0.24355614, 84884, '6064-03-14', 0.0056992187, 49613),
(201068059, 'vftf~MpPQ|414{_Dhcyz', '02:50:38', 'm7:,1.lKSl<; Oo-fYyzFnCa+W%i!.QGc[@(R*mmx5y>M?7]rcL[Zz^X2CJ6nwH#"KuKJ$J{bMa%s?^92.U&Q# !Ta', -2562709886763266847, '[:0Y;7}8Dng{wQwa^sJX"B5uJx4nGovsHH*/zakp`c5hN*`#*i,fhNH{@peHiv{?}(jd"rX/R/<<xd7fOIo=t)%!}ZSazk":.S_BB:p:hCuoIDmlN [$(8+40%8sT^iBQB/f?^ Z03u~8x#%~{Kf?P', '5160-04-23', -18753, 0.19945258, 0.6775153, '1970-01-10 11:32:55.802', 27724, true, 0.19764635, 76608, '19:11:00', '|S7R90Y#k0Z3%t8&g&6n', 101232377, 'tCar;e}%sh~-i ccSMFuq{r*}p6K~Y$ZoFt6Z20S[*(Z0Pd.TJ.TvvxCFqat;  *xgOcSwqY!K7sgVyRA{n?"R?uHJr:^JWBE[&K@-v~|;O;M>b&tf3/Z/-WUb0?Co o=V>j"bmDPkW6d*`:/`pL2,', false, ')f$gla5#Na"_.mL$voPV3rraza&65igSX"4@&?`V^j;Q~R#3R%K|Od#,VC}6kE8jr?HYc?nea-X<"KMk 3s]h&xNSW', -4642813263283628122, '1970-01-20 14:18:22.893', -21508, 6.068349E-4, 0.6257768, 12821, '6814-08-18', 0.09944384, 72260),
(2047782589, '|M5ywVj^UA~t2k&=~mac', '17:07:56', ';8nLdI<sN=za[LS5&bhb@ pD-]:Lu*Q!bwh0>yNQjkG:asTOgmAH6-dAde6C{x6@Q0}&K@`ahsJP~$jAg1~XbMT8d!', -7368822905475116373, 'P6?6"PVF9sZbTd&TxkGiB)yGiaI7=(Fa`/vU}w2"AEL;*G<u_RXW%h%Dp_7a&bRLU9Xb|bo-1z,|u19hwBSppewnTsC4#a1Gy&7b>j**_=fY@@c]Mn8k)7m%?Z;87|q<uomz$!mRRj2)yQ5RL}CKm)', '3930-05-19', 27288, 0.6560176, 0.20976609, '1970-01-07 16:41:51.594', 8582, true, 0.2175827, 4304, '04:02:54', 'l +![G@[;ft9bRu$?4R(', 900132964, 's|1]NZE5ps8layJ,0m6d]hDvflV0L/Cs)RDG$|zu"Td.K= XI=T`=KU)mmbPbt4!vc P1I`8fKBDwRwh+ &_zwRI|m4Kn!2PPrPv)LiA$B_@RShNW%j1VV~q[$,yIBAPigo?Z%9K+ JmXr>,t3<rUn', true, 'a}AUHf^%FFVnMfw"UBYkqcAT&MO)+N;,6a`^g-do"+qnhFdg${Ln;.V%NI+ec_r_zr%be~hjS fGzxS:V?4,_*O_`J', 2820701931802797030, '1970-01-09 12:13:11.615', -26199, 0.5080126, 0.53049, 63368, '4972-02-16', 0.4357986, 50157),
(1536678932, 'S(guQ<H)sl{qMLf&20D.', '09:39:37', ')<+ipyceRwAP7Y:%bgKmJ>Yv)%*+^olCre$-Oy>~`ZdbIfpPXARa"5#7XFp$)N#hS!/=`d/Ho[y${|fS8YVf0uVUx~', -1054224548540008325, '}O#kl9#d#!@;eFLNV1zyhr!=fN^;tmmnq;.(a&;6f{5uP=DXZ^;~k;S7ka]nrfr5lRNk]M4a=vFTCf?/8_p+kRJ=K$:tNa{Hz|}]K%/e5wmk$-;!U?P1P|b(iXo_%{oO`o0B#oahs~{p4@~RS/Mez6', '9024-11-27', -32391, 0.5054937, 0.7013401, '1970-01-23 19:19:39.997', 8693, true, 0.4342068, 93776, '20:31:30', 'O^IA8HmD8#E7"LG$nX+<', -2116693946, '#/%kZ4]Bgo&IydptqUM,=79IRo/b^%$B 8"etR*s5uFs`bk?xaeb~?5k.&Fvf=i[bcmhUR-*9efz4"6giW7C}d}w+ZV`Uft$9b|Vqps >r^,HLbS[`JCv]HJ6$1(>f! Yn(gf;p">9Irjdu@2g+S`o', false, '1BbxX"fHCqifabQ^,RDg;@>2}Xr{bfF;5|J2`{J3N^;vw^y8)3G[S6IVA!,o[b,qPR{a|g]ub(74&W|hQ(d>!9EaM?', -1318576003260743512, '1970-01-06 00:42:01.034', 28632, 0.45180744, 0.5995292, 8219, '7583-01-23', 0.62060857, 23767),
(1737153639, 'c$S`5> %>r(CK7Gc~>Ej', '03:14:57', 'aH3s,pAUZbI5/a6NI>m}g[=2i,)wM0Wate^)}R19q3AFDkr=:]wwKxhj631uniA8D`2S,*58mhQByPi$gbhiDP*9%c', 4209994419947189512, '>4+eu<+b.%UN~~wcGR.jHaA[TT/lM-l7#;nNX%2P72d%CnUBzD|.1a@FPas)4`= .L[IlG#CTUAHQtqQTZ3>_A`YsdxM9G+}E_dcHZu&0Q$&e] Vp Qh#O;TC({JtRZUQZmzhGQ}xonhZ-Ad4IL/4Q', '8481-11-19', -4654, 0.48242372, 0.4134577, '1970-01-24 08:45:59.052', 71141, false, 0.934605, 68668, '21:58:55', 'xepC+Rk2FQaTh&4rXT[k', -693441444, 'L(,llIgTiNaMSbT!rWi+*j2ai$ZsO7S_#{FFqbcJqHh)l1gY}4:G5~bh`Y[~ws%S}Q.a!Y)c}2.KV_[.yOEms(%agxR4YDIWE#<;vabf/Z_]u"?Qm{YC&}K,^bD-)!=WK.1zCCow5|cz=~u",ZK6`8', false, '+.:FV30GWoL/)ggM"3~c@1m(NnV.TK$_C2kB>L&8$I5|}<g6YU/a*<,DV7(T]bSOaY6K`$4E1gv0jabhb9|Sb=}X/c', 5500867086468238054, '1970-01-16 16:03:38.887', 17851, 0.23634976, 0.7548235, 72918, '8274-07-02', 0.55872357, 2413),
(1234786913, 'b`|BjN!"Ra&]q$BV|o" ', '13:20:59', 'D{>Su pBjV#zzBKtLrb4/"o0)N`sCk{E%;uE@:v>oa[*%0NpV|w,gOF26KI*k/%/h5.~r=ll5iY,2gKa/$@![_mlmS', 2049505365621535955, 'Dx=;53(:D:*lHUxgb9prmMTnC3C=?KTW.{WIa..#>,8TGGMNnZ"<HBAcsc: oh4,=1NnT$1:"JZFLuz$*NGpky^G@@,KBzOf1y_IkiE=hz^aa6@,f0}QK$h6VK2qFi}$0bHvT!JHz(qOX{od9yhj33', '8253-10-04', -7386, 0.09880632, 0.8327597, '1970-01-22 01:42:33.944', 82619, false, 0.49239022, 54293, '10:55:08', 'O$AOYzX[6y`I"~w]p!D8', -545570307, 'z"=J90=vR7ggp5kULVuewZ_~&eV(:k*g>LXs mvN ^]C]6[SvL]1Qz/{Ek|Lwht%U@aWaaBSH#a]+LF7e`=`Kmh-Uz"O$)+Fs7gkNMVwdoPzmOtRjR*a)5g*`/xUs<3T-AoCgu_aysaKbd%!!N5o9&', false, ',X$Y,N3D2q~j6?$]m$#c%^KE(#z;STi)6v-r?aX5&-U#Le&Sd-*=%?U6SF|t9Y<<Al$e]N:3iRpwAIRB;[3?]WKXhd', 7548239118271505012, '1970-01-14 09:25:23.398', 9414, 0.12313169, 0.80834305, 14497, '9671-10-10', 0.9331963, 78326),
(1105122200, ';mChqr_|J%^ZFtDCFN5G', '15:17:34', 'Yp3(IS;vD*K{9stjM`Eh?T|Q4XBa^#*}R;;H9<h/E`(y0fUob.,Z0*1fQcuRcC=wIN)vzXVM0i4#o2ZU|ob8y]h/z=', 6848479680861554064, '9Nz7H=l6yFaUPJ*Ux"Xb],y@<h9p|a{ru5<JmMDN^7b[;|3y~[Q]c)hwL1"]$Aw<:$_x (l^/zqvjCqT+MZ%:?d>E*,QlneDZB=j)[8c8e{*z eY6svIn/s![iEoU6E%A;ld;n?1XsYAu>kjFsn:$A', '4898-09-26', 5990, 0.069679916, 0.1141547, '1970-01-22 15:18:40.461', 47139, true, 0.96467096, 9218, '05:59:49', ' 8DZ`bW$2QF%bdAb-Gcp', -17127089, '$AK4F.Zv^4$y1|R}cd#wdOt&S}Sxy1t(K=H|ZKg4S"3}IHQ#7o]BG1ajQ:Z^NGF]uI@ebR,>>`!{ ^= eU#VExtJ `k(SqxbYA}TyQJz^FiM6if-u1bV-/l4D}uigmg` VzH*F(7`P$t4@yqKaJf3f', true, ':&{6m|PJ1Xpswg}Z6%_N9;mFM6E-OqiU^WygQPO/`D>j7KIe)fXUOu@O(l@Nfncgz4>RJ^i>n,QIbk~_86sopgP~s`', -6172204603000912961, '1970-01-05 01:10:32.628', -28868, 0.65709406, 0.28350347, 43021, '8048-06-18', 0.10879199, 73414),
(295522865, '3<&zp,$[-CLuI.EvAUbq', '13:18:48', 'p`$=OrVf-gU#6,nWilR{8y0Pu7?"h*2tLba/bCN(9$*4h3E8V_ao(/QO-J9vp4<!eah{aa<+C2AJ_)`=Pkq_UbTh^J', -4537345700906339815, '4}`buq<-MxqxSXTr(n?vD[Fvn:U3uLIaF[Ns#(bo%bq4wZQ~]@%.vTY)#V@ T0M;<K>@B*[xQleR4w"yX0qaGYi^bEbb((@<`0|-Q#NsMy3]<w>ar:6b ]fD`pfOwg7C<3AiQ#t7 a+9A"K.ZQ@ qF', '8443-05-01', -29674, 0.16647643, 0.4836985, '1970-01-06 00:45:12.757', 43297, true, 0.18723986, 29414, '15:02:01', '9q;4tM@D<<ozbsMN32p3', 1720455193, 'n!d)6wY&"3byQ>p8tngX4]9u!eFB7lA#yD;x(t)/1Ob%TQ!&v1hQ1p$%}DS&ol9:[Ma_g9Q*[2;57yYYy*w&(70@D?du;t/~J"3Ooa5k7MfR=Xx^dM{*S;,Vrbz%"G<7^hGtVY(k~.)L:8?`i)XS^2', false, 'K}o9jW:`D ;smj6(F.J^x)7HieYEXOo7mZQm&uHJ<I3aXa8YdLGVETQtb)aY>8Y:BbGk<wek"SGnt(T8y+wT|6<Ctr', -3745877274434766317, '1970-01-20 09:27:09.992', -26636, 0.32025766, 0.99527025, 81980, '7426-03-31', 0.51843596, 36383),
(1243104642, 'rY9~S}SBHl3 HF!#GiSY', '18:30:41', 'c}MkLRwvmi^ay`tVYLq1TQATdh&CZ{`tNMws[:o>t7qf+=*Qgv1|DY%DRL:_2*tgUfI1Jiz]."$ v)N9)JPmGbc/<K', 6049692718833296674, '>#4ilb[xw9W/s+?Om-x&nQF4340{tF^x;*)Se6/#=Hy}?#aShJ|KS`6K;&.2u*?JKy39Eewpr?^*E(#JF1gQccZgXC?a2[~eC$N0Rn!{Z##:TIY0o+oH8F=Miss!beKZruM7tC"SxL_XNvN~O0+@ue', '2780-09-02', -13185, 0.7804724, 0.9051022, '1970-01-25 15:58:37.741', 71489, false, 0.22687575, 49230, '21:14:48', 'oIzAT&)Q-z>iGvUEBi8<', -1241960430, '`/;Q{"D|tqa@AK32nY6ra9l5>Owj6OtmF7l;e<]vzFxIHbg+wjs;A;:v542q>vhr+6q0s/Y8}QLA!V a9#+rr:mRj)!8X2Z/KgVaF5Li0A7qE@*i]"1]woueW.i-&aLC?nrd$B_b@JEhogfd)v!yb_', true, 'a1%&BzLwyJl==:saL.aV4aTfLw$P|gdRqcZ1*[r1wzQCLP%-?z$J7,HP+[YBpBQ|8q!3z%A4nb%tC5=ydA`xh<pb^<', 7094149964135026419, '1970-01-19 07:13:51.334', -27911, 0.06659883, 0.54816157, 89117, '4116-06-11', 0.66892165, 85798),
(1721331284, '?EuA$1+g<aYb-(w~GV(R', '13:30:11', 'PId?K4iZh@I@*5b(bouo{k&IZXt|oZCyk_yl]U@z6:qq 6oEiaqd0`qu/{jq3!/=ZBuIjV7>4OJ72$s2-*1v0_.@/i', 3443112812491462491, '<lQVXh,_&`|<S.(ez<*ic7r!?LzFk?2y&~ZuhRUN?[Ff1JVu`$q?"qvLV4{kk2_e|[nYJx"=X]Mj;@#Qigk{KP~u?{pd4ui3`J&"a;1}9e^,`ajwaM0?[t~jz[h`aaT]bd[eE}<J-wt&%.{6(:<|nK', '6116-11-19', -20403, 0.38474166, 0.6108762, '1970-01-03 05:03:17.826', 34623, false, 0.17486128, 90509, '12:59:34', 'e29dr36a!~aFq=Cims`6', -262272006, 'hy%tLWs{s~;)<5lGgxEWlbbP*`u9Rpy}%JUe;a-Vq4^QA~mCR({7BFq<s]c/p%U"b<fo==TbD~fK}UG/q)=Z1yzT[{AQ2vYA`s4"k:&LZ,HBd|hx>M)+($5Nx=VD8o6l!QTCDXdat=b5*aiV11a4S#', false, 'XwAVwysnDHgAyf,<@INKjonTi$g`.Mg+N5Sgd!)lz(2e0mc#&}kUGt:ttO={0GnnefKYpv+qNXG[y^{J4%Pln/v&Y!', -2783906035146174930, '1970-01-16 13:37:46.632', -18399, 0.29480726, 0.048237085, 13214, '9706-05-11', 0.46708608, 62785),
(2122264756, '*wFw$^PVnw)p9i )ZPT~', '13:51:10', 'EW{%l+zotgXJF4lV:+Y@Y{3q@_kPub4FA_%n[DWBog^&ca^B|:UQWGpU"]`Y*G}o89fL{1i+n|c1c^eZ~iib@gcJgZ', -6458037559459357631, 'N4aH2W{hbgnZ]"^C@cj+IUL$YdMDL=;bn%5}`<6A|~:{cK~g<:#Zk&*[&:sS9{O<jE8VrA@@YET*G[X4v6 h</aFe_GH}Y/La+>tsb_a~D#bN:kF/`fbZM~<R*=~.DZ30?+keatqQT)ZZ01i?D0Dca', '9333-03-22', -3008, 0.08871293, 0.5547876, '1970-01-08 05:51:15.833', 48118, false, 0.48864105, 50961, '02:06:21', 'xVX4*^z-a&^X*bWgT>F}', -1238173820, 'qe*aAHAc^Og1w2:xKqsafPnJcHXa"+IB@M,0isPst<A,laUboNbfo*zl+n^i$%Ri1J@>|&w^KYVacQykA~|2arw#nB4KWtSQNX75oZ5}68WF0#;Z.&J5K j|Hn`P>zUIRhq(Yc*YnI+V.{cW`FcN{#', true, '9L&)/eJQ/6 =o{_: 4QU[{G0cphRHi cb2cFw u@tl>`VLc8YUDNGOJ8rW!uVU/Ob~VTA<sW#e<20X^QNEt,4RJ65#', 8950239264263076101, '1970-01-25 02:38:42.995', 1623, 0.42451733, 0.21779162, 89805, '7044-02-11', 0.024367042, 34223),
(-646279895, 'n@fA<?382b[h/pEHR,4l', '11:01:19', '<|}b>mk/ S` ;l;1L/-WsXTb=lbrJ`!O g1vtn;$j=u1jtHK+v_#"g-G!7Hz )RDJPQK*rV2!!h$C0=(.m3;@W>>Py', 2574607159294950673, 'kX8.[#)4BFF*ad^9AbHd7k-``!X0zYWgsLNy1G@lbzG{LNIOpCH@F&V^|VvbYuo+zz4<`7j]2V5~zPq4?rEA=$#A,m@SV`8=E3HreD8$y2V1g^WZC_of7j.Zqlk*S`#l3/4fSV>,T1]IaoH*1F}x5/', '5215-03-26', -13550, 0.9534179, 0.59569025, '1970-01-10 04:43:37.003', 60469, true, 0.8764748, 26278, '02:08:58', ',i$a  6`7sO}1kyR*Zsd', 50405631, '3>RNaRa^;s50doi9/,1jB/g5/ /DC~J==@"HGfzCf>uYJ5O?%lXLr"`5&1HyA(|3XIQEAMd:"Hl>bz1a{wQ-[beA,G3AXFPTCxV*!7rzj4$[[w?(OoUCOYw#y$0t,_|Ga*)A0;n]{Z+R.Hx2yHIa`$', true, 'p0aaup98Z^n4JaAGG."I#tKI>)/,{lMHmY&CZ^^vbLy7F*D!fEn)bS:?Y#B%bGtK@dtnbtWR ez7kazi#E}gX<}abD', -4619755382802540373, '1970-01-15 19:50:35.22', -3447, 0.23589075, 0.08806831, 95335, '8774-12-09', 0.20966803, 33782),
(-856594691, 'I2gqG^pW={(_$g`P2`Gu', '08:56:33', '9@!A-v08M4*mn)!Ugh"*^]P9xF?29dRACA<Bj`c3xIyV,&>!tnFb"zC%WzFXf(ndq}far&GrQmq~qqc/;X0j2Aau>b', 3708965773291676945, ')E7/~]SP f{!Ek2sF=7Jb58;>s;],@4>wvQ_RbCeB,Xb}2+SaQ"7[W$60XoWTUMw5:|0)WH_VeYu/)TP*cH|D$1La|tV^Ym+@p6EGdcCi^>O07,<Nf5{%$U[r@"bkI=27QgY(>|4EK:P~V,L3Pv{"Z', '8083-07-18', -1098, 0.33723104, 0.18249524, '1970-01-13 11:33:31.327', 76347, true, 0.30428845, 80999, '15:22:09', '&b-%vl(Nk7Pp+bgDHC|I', 656969607, '8l=(9bT6E&p)`e,`HeTlW H=HPxs:~h2,^7=D^~gpkvkhfLl|j_wNlZK2U4{r6*vAa)sE1Tebi/<b#HC@%0I%A!Y}v;wq:N$QY,i~Orl? ")O{}gwIQOsYSI<._5*G/`G2F{!:}ytW$Hun2k=f6z,z', true, ',&$ICjK}!4XeIg5X-?Bnq`KLZ#er{qv{zt8NID~,db+.]N6mkez{l;1e&ofeCpd)/=f7Uq"3pwe!)1Of~(/<LI:t->', 3099721087268743495, '1970-01-08 23:00:33.31', 8351, 0.48379678, 0.24570578, 6539, '4440-02-22', 0.72000045, 87371),
(-24037426, 'Y 7D%,LR#?[&d_(7p8<`', '16:20:52', '0+P&tUmGF:wVVoTL0]b+9y_?N(cf7d0yJ76hEzf6v`:?w,{m_]G3SVT*!mn^P@9 dyu2xH_V 3!Ejtt3N)ga9gw_] ', 2921438455882691536, '}x.*M*=&KRY9FSlC/h5$Pu~+I[*bNLov!$@raoRA.b;?Oqr"d NDWk y:>,0*PwR*?=9O(`N|OA3+)ps?39P~kG]|CdKrcbXai# <UyEN!8%PY,A "n)jT-&y1^5s@0V<%k7v_2@w{hvP(hC0J=^1V', '5917-02-05', 7222, 0.66988343, 0.11262131, '1970-01-15 02:02:53.96', 77160, false, 0.28522894, 55024, '00:06:05', 'TaT#m_5SF~|Nx_`LCspY', -62697373, '<w3!}K=nGwVMGt_s>5C1pLbSb$vj.2N9D0SIPwlQ-f.m;5l{Qp-9l#&l7)U&:by5#im0 augD{*k!>7=RDRTOt6xv07a/jL ]1W-5C|05%R(SI*1b3aZjc&:!.J>lJf0a%ZI0"Qb!Mv>H7{GJ@W+CS', false, 'jO+YOIR))L:7kr|p{%av!.$)1{:dI~RMT8s&)))g{DRr|2-)>o9ZT)gYol#+2bX-M/wrntpkhLkuI"#ax+4U?wQGv^', -5675007724411451507, '1970-01-17 18:08:42.613', 14428, 0.75760466, 0.7377106, 40191, '3774-02-04', 0.5548202, 5591),
(-464381420, '##,+ykrt*/s16$0g;~78', '15:15:07', ';.xuF}7-80:TZ5QnLUy|X!n2li+g^%QVA07{QZ*<)?a%,r0.]+<bWUu=6(}a~ty>kQm#9xA0}*4(vMI-x2Y{I.DnGD', -1092661661411049462, '{ej"b(!Tl[m:_Kya@!C.(P!9 `58bsH@$}Tnm{VbV/3-I@;|K=A~c/5}ES_.l]qc&c@EF,Xbburn8_P8aL^thbkV20~H(aX;GOdmrGd6/>3Aai!!U%#LSGmhZ,HDk,b~f`I"$v@3E-<iaXFhzojCQ.', '8446-11-16', 5287, 0.98067725, 0.6457271, '1970-01-19 20:02:24.095', 28684, true, 0.7916954, 65018, '20:03:23', 'RRM*!K- RK^)N,%M[>e4', 612891101, 'U8w@f]=[6_wO*0`)apZ61zzY~+/nr{urc@,bk&BDV:0hz:Y8Gv|r!:#c=,z5I|<4b)^d[^eF[;in;Z}o=Lfpa+iy?k)&s2nnsJEN;[bmPFaM?q=>Hy8R2H35Qrf pj.tjx h*|")5hpKG-wRz<;e#!', true, '5>8LR+ Dpa.kB+cL0^XT;0ai `GGHA=b2-xEWa+TRd4WSDoaI6Tbf,p`^AhdVg8SJTE:C9~2F(Z4)k<(Y_4v$yzCvU', 5820520081092318646, '1970-01-24 07:10:14.691', 6024, 0.3275712, 0.7357149, 22025, '4071-09-16', 0.3468343, 47512),
(-1716760660, 'dD/*aq<AMUi=I=DI9P!M', '07:13:20', '>b?%h*_{R..VMA;A?Jt0wFFeakZH~p6Ct/H#3YVy&j1zEWXIX!l@Hw7O/wLTY!@mA%?*"JQEidzgfY],dtRhBS(mdd', -2765776662945629881, 'lEo$JfrPw}qhYX){BZhubfzH1L]K#-"Lve@c|K:CU_bt7k+/j)i*|50@J:e#b.x7dSYiNE[?a~TaM#JZ@H=AX}KS=LI@nu@=nV#a-R+[_s!x0WeK$dSd8l9[iy%DQune"TC~n;[l.dp;<8rb?]CkFV', '5422-07-17', -29410, 0.5251077, 0.29088235, '1970-01-20 20:43:47.024', 75039, false, 0.23500991, 92468, '04:25:35', ']<j1M<UaI#1^w4tK@m+K', -1487817160, 'I<_[?}s[;;t7R:}jSnYAhuXIi@OZ JD8QX58 S}nx1^AaJaV$|+YoLQNps8cMHZbxusTcuRVpNFVM;8j;[j^a:s{p},g+]%FCdNeu?3-*c]7aA0%kv_xz,sle@ikY$KrW${7!NImYfU{%L?&JH1LXd', true, ')W(n!3E& X.05S8+tF&>@a]Qu^,Ng^/XPEgQvw>e[&|-5<"(z&b1QKV[^w0-wCD=G`US^25GX^1Z%:,Pm([iM%WvS=', -2424535538841981719, '1970-01-21 11:31:34.457', 12733, 0.09150535, 0.11002356, 61078, '9098-02-15', 0.58397055, 9695),
(-79159086, 'al<$C9VmR<jshN$ Ik.(', '20:31:15', 'RR!kU4HG?1V)L K,6G]srPB!nBjJAu;el{)lH)b&aT!083(WDtBz5u.y{YR2Nh&ku3>1p^WUr<VCcY2!djbiD.|/pM', -6753305020277647306, '<OLbi6Le?FN/F[Y`XXWjGh=<+vmhPbA3R@l!<"CAv-,Dy(_eXZg>|7D]=d)I*,y>EigMq4(jlb=TO*wVU&i={VX]l0wM.kD;JVrb4c[q2V2:rG#K-d3maB|T[-ex7.`8}]d2KVJ9?@SFLAAG`LGY]&', '7515-03-07', 23720, 0.7612664, 0.7766519, '1970-01-14 11:38:44.401', 12209, true, 0.7925799, 66846, '12:15:33', '0K-%e?@dh(?OGYr>qvVb', 960955724, ':Dz=vZeHS"-dFJdC!I Xv60}ZhC Zw^|YER/e;-Y oWJ4Taf:Wwv `L_Al&)_fc_5+m+rd,+QHyV.j:b2o*Z#*}1mSCT7Nk#|R4:^IdaUbt$D a3T*jLh@m1Z*ehUp9;eB{;GhkTL_*t?>93I5go|#', false, 'zxMk-<"53:lHX@(C^=vnt>m"mksG3>kvbl.H4i7%Q]xe3u<hl4}EwU=Uu}_p0K`DaeS@73c7JKH1w+x"haoJ>7/WB:', -5019328124462061303, '1970-01-19 20:25:57.2', 16302, 0.26988107, 0.7635669, 96621, '8668-10-15', 0.26967385, 13),
(-1844500265, 'd`Zl]0qDlvokY:vn>~R]', '03:11:19', 'aHv/(!0aziP}qRwHdS+bf3j_+d[74s~j1TgF7V{l;ZpWO:7[~JdFa;Dk0GU0n7m">G)2d9V,Bf/FW=&6XXeL_0IGNu', 7564923246533293122, ')I,aqf=)F^H){`Wx_D#Gp6O=CZAgaeI:zHt>:;c&HC*.e~UhN7[MPLq9&co:at@/InaC.u0FR_z<KG#CC@gQmT|-{;[(.ys,TBaalhW]{Y&fv c#"lmj`fgM*49;m+(8dhb;$<7z_nsr*fR?bKj((3', '2203-04-04', 18274, 0.50471294, 0.022359371, '1970-01-17 20:53:49.727', 82461, true, 0.0056672194, 42462, '02:03:44', 'pRS-i`U19a1ha.EiNcMr', 1496830468, '16I8Ga./A{lI+_<_l1mK2v$NyJQnY&pKK9CQ+{4Mi$C=nIU:^8lebX]):^`!L4f8@Q5]L&eA|&;e#sur/ofT~o^.F=uLr-@pEoyH}!Q)"B>9qEM|"68Mp2gbYqt%:"J,laTyme^{hj>z2rD>+K)2Kt', true, 'y}vGQ:j"zYXUbNe&|wz@t mkRb/tZ_dQT%C=8D{b#{I$Tx_}aPSnnoyy@_1=qLLnV[ao_Q_J}?(A9+[HcTj?I$X%G/', 47828733226767392, '1970-01-21 06:20:54.342', -21365, 0.32861626, 0.9710219, 31169, '6269-06-10', 0.14431651, 97998),
(1417852826, 'SUgeKtV:tRn+-=-unDZN', '23:24:23', '@g=OuKC}D~_p@r9!R}2ZYUht!0 +;N8Ta643mV*ExX0xjdRI3=qq2jpnX4v"zj8>vhy>;Y"|5<?_4%7Agb.!+z`:k+', -8979451423824614236, '.unOXe%"o<+F/&&re)GGtkvaMiQGkCBvV/D,*F/veAm.BF?z%063b8xvVzmoOPso/2~a#R8/#[ 7B9$Ky|1Rs?IFS?;pF|9p&OG&hbAX/x?!lg&5t5ry#aeaVS4:Bpq$aT:bZn%Av$WjI,^ {{W@PH', '2646-11-20', -20866, 0.71650153, 0.30972576, '1970-01-21 13:39:16.919', 29220, true, 0.2206752, 8090, '10:12:39', 'q5J4scv4NaQoROg(,,Zm', 1392103, 'w{T;aU0Aa13&Kg,5aZsjhFW<U3Rvp=z,xwQ3c-mQuLx|HSbeZcBI/|3c<8GPb^qK<lB%XHOm I9z3Rb8QH[b=N4|~A)jZtrhZ=5b)N46a{/^,z!,Z%XTh$pAJHeb|{)u6ba.^Sxd")s{3!BEPjGP#j', true, 'RO%5aDX}WvRgkBdbEeL69r]CP9$}ud*|Kx?}B&=>gSb!MrcQXr]?/H$F:](#lr2XQR/3SPBKl}iL|T4l.-]8jG~*CZ', 3645409997854833331, '1970-01-05 11:20:05.777', 1375, 0.7681291, 0.6751644, 15394, '2336-07-08', 0.97699934, 72714),
(1638478119, 'M8;>]{_a%mDV9~-(9dGy', '16:19:00', '1=U-*/y9p1`*?/MM5Xp@C3X6PL>dGS}thfiKqiPOybdN|a_DzKWGYm9n[|Mqx<tbp(y/uq$V&ei=/sOAS`Y6{8xzNb', 3880972081281981476, 'St0l^:u>5*5Yk@77t//7]B([asbWd_}<<wwY/N#0bV*8E1d}ZOh7HUk`I"7IaP.fL3dL((r@jsx2{*PaXAk&G~<WEjd9@bRuOZIi2P]{sD`2|`o}Gwj]v,O,bY~kO)ajP`Rc5=nB4EZ#M=*;L?p|`f', '2319-07-01', -11698, 0.7269181, 0.8563439, '1970-01-03 18:54:17.156', 52053, true, 0.69848293, 36857, '01:28:09', '2H1i* pZ<RoqDG6Eow_v', -499653163, '>Ny:b4|HkP]f~o117;G>tbQVW@->%3Q.g5! "^ChC@8mBTNjf8OSFU?%9;;}sNt!~rK^U,#D~/6L.Z ZoX(8}ZE/6+i<7A=6"Rrd- sDFw.@D,kr.&]}he$3Qs!;8!/_&GXz~|X0Sbw9N0/48h<u9U', true, 'bTFbjbw6%kEV&ukN4~%a,Xw)0VEwu=9das)5bW|(( zM[eo/?n_N3ptOkgCwOtD1RrJd(^n[1eL_raF{a>VeaS[V7`', 2376186834464930596, '1970-01-12 05:12:24.938', 7995, 0.5775912, 0.80609995, 37708, '2913-04-29', 0.99338317, 43235),
(-2043726630, 'u6PE/-9nz4:3G3cQkIhc', '23:00:21', 'ZPXY{CmoL*`P=Y41C}C.:R%/m&aDup$gB,GQd;O]6x:.`aKg8{?rDL@_i6SyPZ<~>Em!NvJ=(}>>O5r-yi+z-r2[kn', 7177804770215067057, ']X}8aqLKlm3]GD,:99>zav_8}!wYvu)LCEa&oo[f6Y+^:8WK+]ZgUTO5r9KB {2M1=%-X1KIb_QhP9FaZZ;-``SeH~=1*)FyIamqsUX+4kS)yv_C&F3L?G;5cQ-,J?kwAK,@#zXq*U/mq>?*dD5;i,', '7698-08-03', -2175, 0.48751158, 0.12627256, '1970-01-09 15:18:30.587', 85062, true, 0.8278287, 20544, '12:10:36', ' }@ P/He@yj(TjLU9^:8', -82124960, 'g5Mxqir1kjpHuf|bjT^*Xoa6v`3M%xCV9:ha_.fTCXe*rBA6C8Ah67p_<[=E*y_d1RxmiM<N:"j^jLg/L:B7m`j0XIM:8+J.L<;Beb0Q5.OuYXz+a}AZ>~ObgL.|sk<6 L+$098&4;E!J`~72JX$}9', true, 'O_t4adEB>P>2)<-}I`qZIz%Zy"K?-nIbubar+/b")BAmYuB<}CTe35Xx|$LLZ_Gg4}FqNQ5L]ropT@}E-oM#LG3*ip', -3227548082044408128, '1970-01-01 18:55:55.176', 2800, 0.9852999, 0.34284848, 59412, '7594-10-02', 0.8936369, 29357),
(697059811, 'EpCOPm Td9qa@k4Hp7|#', '18:23:43', 'b`+&_|UT4lo?!MfY/rB#xaL;5l},Q+Nx-s|~XS?dNZ;awu0^ )"z@JS3dlSaXAAaJus>ug}(|$|XMveX`ms+HFHUD#', -9044888580171133465, '&bH.s+=-1zv&#t&W^L*Nyf-L_l`G0TAiucyxVCT#!1yw$"RYBU92q`)awwGVj<0XYa:n9g#eu0Un1Wgz:,acbV"eMuqi$:Hb5|C`b[bzbs|k*5(Ud?6(^D}H3LZo>#U03Di?yWfM#VR`!UpO1*pZDJ', '4723-06-29', 7198, 0.5052065, 0.7561428, '1970-01-02 01:24:01.906', 51670, false, 0.980158, 63706, '19:33:11', 'LycLZ5glliU? .^"b-k2', -16958842, 'gd!im/w%}I,86O+&r-OS3pLDvHREv>-[n*ewHkG[rUC,4(K/5Dd?6IWra02c !QC>L,c+6r0)#aJ^aYOsL]-t?gCJzATSA)*ZPJzxhGmuLtRkWy?eAI&b}U#2Fh`<Nmv%)u{&7WT9mEfDO~,Dx^i=)', false, 'RXg!(RY>-DHnkVEUX:gqaqOsY7sZ45&m/5{<[bV^t9#D=dz2j-gM,bTQg4c:Th>nJ 7WSQNKAFW _n[c+,AF. b}RI', -2377655844462267080, '1970-01-10 00:22:37.526', -29150, 0.50273913, 0.68249965, 73382, '4911-12-09', 0.8672465, 58416),
(466195850, '<c:?@yM`5|a+*2%]8L06', '04:17:09', 'S@]k/OF_HAy:QLpDw,AK"}i#8K<V]8Z~1s&9FzSbWdVaS9Y::|:m4:a%opwoD$X,bIi X(yx)q1e9<K~/&gbMn3;53', -1358423899655349107, ': 62N56P*RoBNv9<1&.kqbZqA,~e=}Z0b4)am$Ae^F@{Ddn3^+w%75qFWbDxgn}:[0T<EzEOcc>J;uF1a`bTksat0QvHv_IQ<4O4?MnUaYm@JqSaoK}fTaKWeqtf]G-i{iUV)MWcWgBbbRr$:0QWQ4', '9193-06-10', 30792, 0.5382106, 0.8012087, '1970-01-11 05:44:52.659', 29655, true, 0.40326115, 35548, '03:12:09', 'EWH;7.vr22D&? mu)O"U', 1146973984, 'P?a/L[q 4MrK{Z!+|<P2DLJ8Zi?de|nLum1Cf0F9UvL8}EUJE6B#1RD@U6P^R10&GVbJ"WW@s&$[sq.fILHmg$H?e^r#6dWnmH1"4!,5e!?a*r/kIX`|se>v1^0/dy)JzkM0wtz6_v=,3<yxs(bZI]', true, ')sBGE3+ZxBo)=M}7,3{[kMLauAlcd%|AxcbR9P?qgovWY^+&d$VB+aY#"@l^CRTt/;aaaV`oPtdvQpUYbKYRCa`&Nj', -4973495573301976950, '1970-01-07 02:18:54.224', 22087, 0.7505073, 0.41559, 37189, '4170-08-27', 0.081832424, 99128),
(1129752593, '#@6"M^mu?@-FwXqp;ldu', '15:59:49', 'jX6l[R_jo&Rhkuf^0JF%9G,SE,E7Rj67U7+(BUv)(.up&guQ7y Si!fsq+dWh?Qr37YXEa6qOw8(PD^N9aTKbp[h-#', 1808569441467570410, 't=I[7`M{|&db5k,z?/J=l-I#;3m%kxePuI_2hcy*Cr~tQyG4ZaO:,b}[q^%""&AO+F*W``JXl_w[ p-JtbAO (nb$G}c.{U^g 0X/}%X#<A7|et4GoSq@!+K<DCZQ>rK|]^fJX]#Lp[!J}%2}i}FVU', '8656-11-17', 30522, 0.098616004, 0.17299378, '1970-01-19 12:29:36.039', 66289, false, 0.41952547, 69706, '17:41:33', '*O<w*lpxCNClBxdKp}.K', 2126379878, '%W~4l6zghCb%*#,"R{j8FpD{k?boL0DA*bmnYP7JR`15+e!wF(AY-ED.N<]L*+kKC/U^T!Tmli%RconFjAb#wt^+]a&lo-Pz9cwxnIk:j?D,Cw:<JCPD1GurmhN3SB+QuC5)fc>^>Mj.AJ.x)e#xS3', false, 'ahI`E^>/2[?#Q?*T$R.=TTa*{laI>_=SA?I*Qe!m}/U1F>;M*l{q$fBuy"+yoF>H]p#@ZVB|aXwF*gy8B>,R5B~VkE', 6677832402270638650, '1970-01-17 06:15:02.984', -1232, 0.3943084, 0.17166388, 53137, '7606-07-17', 0.11401835, 41857),
(-780422384, '5lv&R>&dArhaxWa</tD|', '02:49:11', '4%6WF!pxYo?G,.2B.:EQ?CMvg-n2;;{|Va*zw{!Ti*9EjKeDfaD%a:}>}IO|T`a}Jms[(d9@pf20tn7WHgb=c6o^rl', 8722576539798718691, 'S4gNB$se[^UV$b8aOL[v8@_?E!-;k0H0jm:64f,J%R@.["N/iAlPg+yZxz+Rb,=}D;985^mq_(dMmmfrhV^)s0%xT O^ xv.qTFQld_0Ev#W ."K{cJBi<_hac!Bc4x-at8iJN)s2XwWDDGbF$%5?@', '7113-03-23', -30099, 0.64136976, 0.3849302, '1970-01-24 19:22:06.284', 16681, false, 0.3988748, 31173, '00:48:50', '@.bj|.Z3GJ1Pn *Y^_,#', 1324054436, '6r?y8A?Ym4eG,mnW$BR3`5l=4_CP,OV"n2.Wa]H)ZO>`{n{A5dISFvi!HfT*~ P<g;h$frpXQ%}6Ghju+>4}A%@I7#TSa_"k@_p(jiu,Yu+<H`0=a=sV#{bTbiO}=cGya^K;^[.HL]eB*~Z-aWDL1m', true, 'PS-{bpAr"J[>Z~vP%ZPO"!VKUK{-,SO6#6R*okyDu0bLz!OI1amSK2#9[^1D/kD9|-r#t03Il<rV#]4tSHov?GPaKw', 4403934151214077459, '1970-01-17 00:31:45.363', -13954, 0.67181027, 0.65940434, 7553, '8097-04-06', 0.58047384, 9031),
(1516531186, '%;5BI/i!CHRmad?(1c>H', '15:35:48', 'S!RM{0-< 9?WaEW@cf.65hzy_)CR/+%G+:>{RCtB=J/yDmOc!c;bDpc_7/pM#8kk]"wA,=H9%P)y=*RBC[?gUS/u >', 8291904946477879634, 'q=Zmm+YbBk^rO~pH;Om#[+&jd311]9[`Zb3q~b d^/S0$@[KF`{)kha"+)P7)45|A:WN},-"}EAs9xLUJ/U~G:6o3b"D^vduvds~`Vi!5.8Q|#]1d@g|$,8n>;ptu;jt[Q3^DA=msR`H5X&*"Z;!4s', '3158-05-22', 25845, 0.721694, 0.65809035, '1970-01-17 07:24:44.869', 59617, false, 0.35069147, 25355, '08:50:38', ';w{,Jd=K~/+I+)Zwwe|"', 1064310862, 'm+.|]8YHg4"H)!Iav~)eioN`uDwbx0n^Ag6mcL.#.)dvq=c-TM1a+t3CQr2_bt0_"=JaM7ddtQCBaiyKpccafTE/uUB9:Fz5MJ66@q+-U^,av|`1b2yabJp4Rb~QL$H|<axXX99bi_pKC_XYw<c$OJ', true, 'RXA,"N2OqoraS?N5*6kbYb9]:}A+pJrq-|Edk"G:abjN!rLd9s!Z&>KVT"3!k0N/rn[~,&4@^O${[S~aH)A$(7MwSP', 8384899380324383845, '1970-01-06 03:57:56.354', 14993, 0.29846293, 0.49534327, 61629, '5461-06-18', 6.865495E-4, 11934),
(-1339012734, 't"^KF}o6(S(o3b.la5qL', '13:16:16', 'StXhaT/?"g``}*,PSY)zbfs1g8`vX *,uiNaa99c:acrr5aMPt =h@TC@m5p0}u6+mGlQZ]iNVabov14R8p/i;dR){', -8609273683441446397, 'sUnE>tjR Qd,)Ozbh3Gx4h=AWOToH{"-%l*/BM.?yh^93r&H_+9ro1}-WMt`+va?K`)B4QSTjXbyHwSC"yF<wE!ue=j8xj&$3;nF C_s~c#(h8BIB+z_RkOv(8T9~a5mf,08%gOv^yXec$a<cb]G0R', '7708-09-11', 32566, 0.19823962, 0.16797417, '1970-01-23 01:00:44.695', 48649, false, 0.86722463, 24861, '23:41:24', 'c}xu7E9bJ(LYX>lfsM([', 583444633, 'y`e*+s(!<V_zET&,Ed=$ejR_%T;np#)RLtCEo1nK%fg=:ax*L*E]}e[F9bG>hbddXb8Yl3b,og]Hl;h(qtwG#by&4)Yb>2-5!Px}5F~d`AhTLf+JHXM(Kr bq:#Xt|@QY`MoiaWZ5 ^NGqf*BjY"`>', true, '3;71-j<RXVvKCa+bxOa0,n-nr&.Q`Bcx4s0[8Osw FUK_}PAVt6(rW5nDl<uw3YKyP{fbx>0$d!=cedKJn^u:bfPdQ', -5281599609741572022, '1970-01-24 17:32:49.765', -27343, 0.03298664, 0.10245705, 56215, '6726-10-06', 0.33701488, 78568),
(-29773703, 'NYG5yBcaiAbg#v!aF_Tw', NULL, NULL, -3617290531846262065, '5? 6Of^@aVR9tatSd$hGb56>vR1,}|QXBJ7DS4df$PJcA@$Xk;ZlV{siOnSAKP3e E@*{;&<o8f?ZH4k*hKFLFYn0(xrtjM8!NcXgX_@Ue9Yag`Abuj"wtX$6?lI<A"x;}8Fmp[LwEvC:D=Pe=7/)c', NULL, NULL, 0.1975671, 0.21378863, '1970-01-08 08:56:58.927', 16444, false, NULL, 53391, NULL, NULL, -305347651, NULL, true, 'Z,GCdG3V#}"Y_Kqw{=VFTIc%0U_GE7f[hL+mQX/4X: ~JR8H;1~:8e*aLJa0`)Ma/4}iWg?BlIT ]Ie2VWYB]eDCWo', NULL, NULL, -31526, 0.3869574, 0.99925834, 96095, '7071-08-15', NULL, 22006),
(-1856589147, 'hCdaMIFP6)S}]Ey0a6 |', '23:12:17', 'f<|_nW+:W&Aka8S!!grfz1A@)OV:A:M~m]%V%2S3Mu*_*j/|qz`M=17oCE%H}Cj_xrq({KB&dn6FzW8tNlYWU7c&}%', 2532242026882020190, 'p}/EU:Wh5]z/jp);|`F^(x&RWYhd?Yotf9F84dbr*Bbsk/xU2W*{C2KD%X2bcH.K-=bk:P!%hJ&1c|)X 2-9}_?~cA[D/IB_`El6VZ6jR;X b9u:E`L I~|>F6NOOt<RZ86y{SJH2XbG(EdS`yQIwy', '7861-03-20', -25606, 0.21860963, 0.08021742, '1970-01-18 01:43:36.093', 535, false, 0.11176231, 71945, '19:27:59', 'o."s7`8wG?%"[!BJIaFX', -1633968043, 'j&.$? T!Orkabi-L?; 3]Y#N>weap8e&TdLr;h&AP9i} )Gs1-!,Ew&8IE3OkCb-a!/az<,cA`raBtKu)&wZ@EXFCg^[>$iFIck3O[(6S.CL7*kBK2>&@ !*^p"R;bDqYNLWU*{kV]Ls]T;fIyFL[j', true, 'hD+:=tWQ8n1+}sbOf$onYNb{P[6,!&3FbUU2e-*H,I|IQC|cCCnMTZPrNlk32:aA@k?jx=:a-q=A_>"i &=&fR5%Vw', -6438048069178407952, '1970-01-24 23:15:48.97', 4930, 0.3993082, 0.2728275, 29796, '5073-06-30', 0.90079516, 28225),
(-1240055466, 'k(x*<t^yp@F;g-UBwO8{', '08:29:35', '-?9P;YIUuj3>P&utw:$=29a/2Ua`?9(uV&B:q_1B3L#21SKNYa?v9%$*eg)0VzK,X#:,4n}1I1t!XvuA,!:c.`Ea_h', 3385663678750721058, 'FQKumWa<pNF]7&PP y[L.h6f"$Lx{]&:@txB^3sAtl0Z _!:3Na1c5SZs_]w+cYs9~I;[Xue"b:TV{GTq[4Q}pt.+rzVJO<m$}%OX#agLpQjV3|NoF5:?B8=fRM)=*l*vNsx(>g0aPS-Cnlh}IbaC;', '8132-12-23', 12135, 0.28674567, 0.31754315, '1970-01-25 14:56:47.888', 76837, false, 0.92271304, 10383, '11:20:06', '=)jF&<Z2R^CzU[VH[F:O', 848276281, 'Pz#tK*M/+Jg>;*Q* ~I%XOa<a[yKxu}`&mu*gMba|_#CJV(WuK%k5ap943@2ZC6aVK)<+Luy!jsR~E8Tg=[hLQ{`xFM7cyNwErKN$cK<q>AWA<.bDJv9a{PbV[1x]7A"|maQ#7O7b)4~Jr@_bU]bZ(', false, '#_I*fl+>jt)QgYFMEJWhx8*2Tc:b8nhaL&|]fD/bZ!4sQV=`"QqTb<a2Y( */}o?WV+/gcx MW5I}myqj"ULGRO}o+', 3135998802178791863, '1970-01-13 10:25:14.567', -4574, 0.58872646, 0.6859202, 61719, '2197-12-11', 0.040567737, 2162),
(-491404810, 'nG2]|a]adyL7=M<aJrby', '16:28:49', 'LVi0;vXt#[5o]`:=B9Du,$+vpJMAK<L8efW<phbJb5Ew/"Pz<QH1UbD3B_$8*K$Gxm2XD,8c"547TX&c0Q"o+8Jo6C', 5222943969587782444, 'H>iLE)%7a0jG~8z{nyx/AVY"`|!EZwRCNq2Q?24q$> 5Ng*/s6LPRy5]6CO_5n"tW,~S-7]1S[?k22Uve1o0+tSJX,U/Uy/6-WU?^wDwH_)Fot/9FZj#b"z Mk^(]+5lD+$OPJbS-#PtdG`CSy7(1%', '3680-03-25', 17020, 0.4941306, 0.9537973, '1970-01-02 08:20:19.751', 12320, false, 0.9802062, 18498, '12:46:24', 'h{WRIBxC%awIbvA<E(<%', -846737554, '$hApyb:8O1?bMIg$3k1oUM1Db#u1e0,cH*m6b`8&m]!5ejXnkCec@iNJ|`I7ZpeJ+>0AVvJuqbIO-g(C>Qv*z5rM]4#<Z?v/sZf7Eda0>ptm<Bfb:@B&nS`_=8^Fz4@J*O^S^E>)o:&k#|p$YS_@iC', true, 'f&c8d1}JbR88GB21s6adPq;n]"?8t!jYMzhm,,2Eim3k*d(iAaL$d6mF2,f+<@b!"6.YhS*))Y%VFM}W3l>0Z>$!9W', -8177343959136790843, '1970-01-17 05:32:44.149', 23674, 0.07705122, 0.4467616, 82582, '8933-02-23', 0.53045243, 34638),
(132596391, '[E`"buv alAE;}jq[}&A', '08:08:53', 'TfJNG<B)4M{]M:=:U~_=r]^nkiR:1{dou@NdCiEz)-kleEu-$OYk]bdHBp|NnYT: wp^WYuFA=Vy!C{ JOCQr wCf*', -7918988885849390308, '>qsyNqxDoJRYy9"0qgM2Wk*9^=P=WPtm0qv7eDi: N(2KDx%KBY$e7en<!zj(hjs?ubd=uDnT25Sgy_8OdZh8bu}W7VP+,xno-%&<k2GTARM9Zq= ;L+-FRsVr.LZ8F9O|5mtSPb@]XCkHo4-3-=dG', '2889-04-16', -12760, 0.57447803, 0.8759039, '1970-01-23 01:28:20.775', 56148, true, 0.022665808, 6687, '10:10:23', '%{bsG;ryuQ%onf?<G#b}', -389992809, '9)q8j4znkxAB<;n<dc%TaE0q2m;-u1IdtF+lAsRVtO@]c3k{:0~I3i5A[5l4L8{MpoCW>A:pQn7[?$}6v9f9zt[7?QC3KzaHGS``a!t#*k/a(Ax>F~rpB:Iv 7LLNC3&~6I?XXSZRS6m+i=!{kjTDd', true, 'SwVB9ea;<;Wk7QoX{:t<M`3}?f&%EttR8ZQIl=G6Lm74Hkhrpm[I6Hlq(+Oh>NaT)?"3/AM9zE"OlLV] P4=A.aNpU', -5800449089113000881, '1970-01-05 16:22:51.641', 1328, 0.09587097, 0.44244576, 4359, '6828-08-01', 0.16774346, 85869),
(1306774853, 'G0W#ab~pZr(*w>}C%5/n', '11:27:45', 'bHS2$fn&K"R[z+ffsieg~aLp`dM:itjZaN64"e),[&zN8W3W/Qd3WFQi{!YI>h-DS0aeX|0=.$:SyaW}:z=:&_(XFw', 595043486907001116, '5KA_1ibSmQBjp24,[O9~"aMwSVLYMf8oQRQLCjd+1AlaolWh&tG6L9I)FPOqsJ"sbuF.`f zL{{MEl9y~Me2oh,!qCTQ#o7sj%[`u@Gh,lc!bXE,u)JaH($g{-N^66[&@o&/vCGIbZ^Vh*~cA|mQ+9', '8259-01-11', 7534, 0.99623805, 0.76156175, '1970-01-15 06:55:01.865', 37607, true, 0.40760174, 63896, '07:04:35', '0-owojvg-k!GDNry`9$T', 1165083833, '?yox!F5DTw[@|J}naY1;p10`lX?z-gC*O8s82)"w%@rtuE".cQno=XeENw:OU>E Hd a>MQt)|gMuRem x-q=F4:od%N(D-38Qo5fb_6rTt4TEQH/5{atcVj/v9kr:w`,#b-PVcQ#$ms^)T<Onsn7f', true, 'Xq#0ffy<im%X-5I_}-=~*HvH<6v6|!`>B/A|k/%jXH1AtUPO6PG8um%b+z@8flNL@"Dp0hMMJ,2Z9 j9^]CwV,q@k[', -8614815868925084081, '1970-01-25 08:59:37.561', 19363, 0.36721385, 0.59451365, 73032, '8466-07-29', 0.3985344, 48587),
(-1311857374, '@5OgewdXafsRf9hu0MU9', '15:11:27', 'qVtova_W@N,Bw^Q"j;f8r%w5vDG{+W2 Wd?e_N6MRfaEDFmDBa}v5Hi9I=P }BQCs Um8zp6TaK&VCJaxR2Vg=oV:7', 8234705808317036399, '?Nf-*HW:OYa4==*"qIJXZFf3o>q*,D>WP*fj>Ea;g|_E)kAKddmL0rN;?lTmAcD!ujuMTLNTf12<5=!PB^a(h^CMS0T~kUyZZ7[I="r[ -cP<)LFU>)ru{^n>uC+]T5(nN;&<iE?3XirzUg)S0#0in', '2884-09-14', 15233, 0.84400266, 0.7643301, '1970-01-17 01:06:36.383', 90091, false, 0.5244766, 65604, '23:02:48', 'H34F.=u^7L/8VX+-:|3A', -1157191016, 'v+]ycrs^"=3VBgi/(C]TmBeMM^+`zF8y@e$?cqz9UN{;8c&0XLmks{K/2SdCc:@+_<@#DgMWJ_stv+,laHbEExf,ugX%1g~].2NplVUC.e@sK]JzMPgPC qG[Ev%-h0O(.m]Ug1tx"ajB>`@b;&eDo', false, '87 Fm)UBbzh^QPkE8jsa>9VgzLBf_l]PKlo<b7V7+u7:s:/%n>ar0c(&Yh9Pg*y/jR8cexr#X8CN`9Y>~V2:AgPalU', 1827990337231378797, '1970-01-07 13:37:53.296', 17577, 0.7115184, 0.8582044, 1547, '8140-05-15', 0.70588845, 63091),
(-1011129384, '_Nv#ggiTY,f9i, b]~58', '02:19:44', 'B+PlwenH, l$DZ#I;l+5p%9-2n0!r->_pSB4>{A!o1k&|[;F?#]a{[q,~9OlaG+kP5,8P9xxTDHt)`BcAATER1ehy@', -7419860605143734984, 'Vt(uPJ[eU0|d0O(WhKF%V,+e4S8q~r#xNzn> jfPjk;PjXt.VV+ Mbh3^LXRXznmIK-7R>{%(x9]&OR+N.4AD,#0J^rb8!4xtmBc&jDm(Q:"z--WZZ:T0x7cdsi"VM!Eoso,jR7$/7jEbk6tk_G}xT', '8449-08-15', -16414, 0.16083169, 0.51934564, '1970-01-06 17:33:23.757', 47843, true, 0.9758317, 50416, '02:54:48', '$}b-q/aZ_@k%~I kx|Iw', -1926043557, 'x<8ib$|2p3bKX)xrCpKYf.+`]?Kp{b+LG]|ah&3_{`V4rnYI  H 9!yU}pe<kjvECipLQd3P:4P.Z% h%ux% Nv~8.kYiRL"4HJ]8~(nMGb$-b ?d!`S9dzV@V}p~3;:rBx@%jnKP"tF<|=b!G5Z1N', true, '4^mdzdJ-_V`;!(T{&>xk:.b}RWBKUZ?SoL /(^(QOFI.j~VAUnZpHO]zE^Ibno/6%Or}E/ohB*2f-_Hdg_g7`-uSGc', 539844440779308467, '1970-01-23 10:04:00.214', -19739, 0.86945766, 0.6238901, 92, '2223-11-13', 0.52136064, 86833),
(-424233496, 'G%%PSECz,Hr5:nB541dc', '06:24:33', 'oM6=FE*"}?.H^xR2{PH!0`RU*Pb*]Bdsg,GA6H{HBkfC2W)-RZa|i>lOV~TC"vI qhXF45 zCo7,}%9Ub^1nwn^b}d', 2990569626346660388, '"KX-r$:0psC+,CjP*P}?E4R }i#TrvR/w"wy-?#<Xx%<[W[`x896d.V/.waed1bnno>Ik=?!y2ISHvXIwa~!)@rE~!32"6;jsR3Gm;+OT?W(a%{:TIh]^vpS^#[mbtTs>m^gaUVph"mQPr+r3JU4>G', '5659-11-25', -17254, 0.091914594, 0.48644334, '1970-01-10 16:55:51.531', 1044, false, 0.72653073, 96432, '02:14:22', 'DpJ2_mWmc0fn^]Ic#ta8', 687086850, '0](G.,=)ubUuXNYTvH}?3_vAxo@)I%`h4XLQWe>qzCXevd$~[h.vo6.tgQaS!aefWw<GK6{Q6&2{9@UmJ.Mk{#t%:AQs7QR0pbCG?.y<k="A?ZEY*3Ta1]?ZFPOKf=qy/:A<d)(_qmq2Y[`I9FViWp', true, '4f&`s5Yj~P1&8?$(DMuhac$-6:y")N=b?bZjg~[8[$3E;js `b"BEJ~//8y/wv+:|mB2kh%{6?T<DQ.BlXn|aSYm`K', 8668596787288550652, '1970-01-11 05:41:59.579', 25172, 0.79971665, 0.7853269, 83906, '6481-06-04', 0.41598114, 42853),
(790601917, 'nFsHxg?LEb6Eh?4kQQ/T', '18:55:23', 'Yp^&bbU))TArvNyhg!zTCzCbJHqb]a)NbB2?/ 85Y|LC~G7yqgg:d7=VYiNRP[U_R"`/"U4>TCo!q;+.6U<d=izQ4E', -4202734137079856721, 'AZuFT|.]A -di`_@y, /=vcwH}#zbOxzJmuP)<zSp)LGzoxB|nj{^>#=UoaOKB"0C$5a%bw_IHh5?H42`fy0,2A=w8O*Ij-/Ha|F/,U{y2Uxq=(l,Ugnxk>*]dX(b1elg:oP13]&Yt]^~-3,021-~$', '9775-05-18', -25820, 0.34024805, 0.6892602, '1970-01-17 07:48:44.69', 43218, true, 0.29588038, 53321, '02:23:40', 'w%Sa92oCH4quvb9LUIOR', 1169851617, 'd7.g@$7}:"tq6e$)}Q;M@h0A@6/x%9njRti<Q+vQ+Q;Z8ysV/ZrQ~A>n/~o9VAgsyH2P]<C!Z|~;UYmwU_:GQoX/<{fy0TMgd9rYGcuVh_N3w3bfg%;dsfjKam9i00u{IO,[-qLrF!z(@~?4$NjiH"', true, '"L4wufa:BCX$5IM0YuS$.EoA<{v9^AXuw,kjfORGuYj#>2*.NUaBJonuj^[w0biAdJf>{eV;It+lSTaqT/",xnE+Xq', -2791975244222428043, '1970-01-07 08:40:56.197', -23447, 0.82806385, 0.06028664, 56259, '8558-07-27', 0.7102912, 97259),
(1372349517, '@>(r~0q?O1J*W>3i+lvb', '00:41:48', '#Vx5,TPx:.!GYgSRPy4B{7_dTC[[5f]Blo9gHrGAphpSQv}.{FP45w_DfN&Cl3+%*.wQbNO7@a%9?T`::(T%X& |tV', -5688173519440173921, 'fK;?}A>`P$N`sa_t-nlxoC!K<EIt|3yuC%=;:bIUl#h!MJtIZ*ps(I>t2?qf4A$WG96C{.{H^~]gb2G8knHeb?6pnYZ2`Vm~q+A(?*Rm0]MkP>iprlf>[DsWKy1l}:`@f3m*2e<[U;CSP;m3b13)]<', '2575-07-07', 21979, 0.7692241, 0.17383426, '1970-01-21 14:33:56.41', 65514, false, 0.3384759, 19395, '10:42:03', '!GC)W;.u}uFV*U1<{.*r', -1046121083, '$ZDY"Pn= kL[Iv"()bi<yM1GbUF2XS5eHal-J*Qj/IPfH&+(2~8XBa(4hD(IY6]RXHZZ}wP, $M])?HiYs=<v+LqFdb.Ta%U2|qQumIZiSv.q550Pv%!,";Iof=Cvi}X+qJ~FMk?*dvWHXjV 9jYLu', false, 'a!dYW*?H0s!Ha0DZ+XP!}*nyy,ouzdyaKv<EZFx7Ngy&oboj{qa3^}bhHA^Ue(m&[&; c</ AP2]I_,Xd;>&F77.dG', -8285241152770092644, '1970-01-04 07:20:58.419', -17935, 0.9719474, 0.33612138, 11946, '4340-06-04', 0.7776306, 45120),
